DOI,authors,cate_code,db,keywords,magazine,mentor,organs,special,subject,summary,title,type,uid,url,year
10.27312/d.cnki.gshsu.2020.001750,樊一锐-45083385,R-05;N02,,人体冷冻-xMgYxCUFRJfzO1FaQIbPXjtI080TpmU9hOZ70plyjf3y3ukCk1alwnAENUaoN%mmd2F1G;具身认知-m%mmd2FuN%mmd2F45qvQ68yDTq5Sis8PXl%mmd2B8kF8jVObSpR%mmd2BfIpeVBOs%mmd2Bg4PNXa5gC4E5IfMi3Q;自我意识-MVi8co818kOoVcq5DJ2KhiGDPNfT1%mmd2FkhdaHnawWrvjNVwXxn1aWMHm0HZMAjWiV6,,"孔庆典;
                          ",上海师范大学,理工A(数学物理力学天地生); 医药卫生; 文史哲,自然科学理论与方法; 医学教育与医学边缘学科; 哲学,"人体冷冻技术（cryonics）是一种试验中的医学技术,该技术通过构建极低温环境（一般在摄氏零下196度以下）保存人类身体,并期待未来先进的医疗科技能使冷冻者解冻后恢复当下的状态。自2015年5月30日国内第一例人体冷冻手术之后,社会各界对该技术的关注度不断提升。人体冷冻技术是否应当被主流科学界所接受?负责任地发展人体冷冻技术应当遵循何种伦理规范?这些问题都亟待哲学讨论与研究。本文将从详细梳理技术本质开始,通过回答“人体冷冻技术的目标是什么”这一问题消解常见质疑。随后对其所涉及的关键点进行哲学反思,在分析、厘清该技术与自我意识、人类认知的深刻关联之后,尝试论证主流科学界接纳人体冷冻技术的可行性与必要性。最后,在哲学分析的基础上,尝试构建负责任地发展人体冷冻技术应当遵循的伦理原则与规范。本文认为,首先人体冷冻的直接目标并非“永生”,且并没有给出关于未来明确的判断,从而可以避免大多数常见质疑。在具身认知视角下,脑、记忆、自我意识的关系较为明朗,通过低温让人脑进入新陈代谢几近停止的状态,对于自我意识的维持应当具有正向效果。最后,考虑该技术具有的特殊“心理促能”作用、其与生命科学技术研究的内在关联,以及其技术设想带来的不确定性,摈弃一成不变的伦理规则,构建一顶灵活而有“核心支撑”的“伦理帐篷”来对该技术进行规范是合理与必要的。","存在与具身
                        ——人体冷冻技术伦理研究",boso,6c653c99938c53678a96469f36b76027,https://kns.cnki.net/KCMS/detail/detail.aspx?FileName=1020810123.nh&DbName=CMFD202002&DbCode=CMFD,2020
10.27063/d.cnki.ghlgu.2020.000230,王婷婷-30491804,N02,,技术哲学-UdnjMYE0t12WAjtlewHjyCeYCGvL7VkxRU4wXhuqzgrVFCz1lYGQZP0b7jiEcTWY;巨机器-Bp4EoJ76sqWg6cggHe7F7Dto6xOqZ%mmd2BV3JNcTgxjAgwoBEpJxHIjNHCUyN0efqn%mmd2B%mmd2F;有机技术观-nYXdNfMO808R6Djox01mLgj4Q%mmd2Fyv%mmd2Bo5c4dDiwDabEv5VhwCVBguM6ecFnAtNGP2j;科学发展观-YXov6UQJ8fGs0%mmd2BY%mmd2FUI%mmd2FBtpGC%mmd2BODdOhHCs2XHuezWD6DDK5CoMSrWffuMcJd6XtkL,,马建青-14293712,哈尔滨理工大学,基础科学; 哲学与人文科学,自然科学理论与方法; 哲学,"伴随着世界经济以及世界科学技术的不断进步和发展,科学技术在人们的生活中所发挥的作用越来越大。但是,这种作用是双重的。一方面,科学技术促进了生产力的发展、经济的增长和文明的进步,在一定程度上解放了个体。另一方面,科学技术不再是中立之存在,而变成了资本主义世界进行统治的有力工具,成为压制人的力量。科学技术的双重效应在20世纪表现得尤为明显。这种情况促使20世纪一部分知识分子开始反思科学技术。其中芒福德这位人文主义大师关于科学技术的哲学思考尤为值得关注。可以说,透过芒福德的技术哲学思想,我们不仅可以窥见到整个20世纪西方思想发展的趋势,而且可以从中汲取灵感为中国社会所用。本文主要研究芒福德的技术哲学思想的理论缘起和基本内容,并从历史唯物主义的角度指明他的思想的界限。首先,分析了芒福德技术哲学思想产生的现实背景以及理论的根据。这有助于我们理解芒福德技术哲学思想回答的基本问题是什么。其次,详细分析了芒福德的技术哲学思想的基本内容。特别是他的技术分期论、巨机器理论以及心灵首位论。总体来看,芒福德的技术哲学思想充满着人文主义的韵味。最后,基于马克思主义的理论视域,对芒福德的技术哲学思想的理论贡献和理论局限进行了客观的评价。一方面,他对现代技术理性的批判是深刻的,特别是通过巨机器范畴对现代社会组织方式的揭示相当具有启发性。另一方面,他所倡导的技术回归生命终究难免乌托邦主义的窠臼。",芒福德技术哲学思想研究,boso,f63146825346594bb6a981355d383a19,https://kns.cnki.net/KCMS/detail/detail.aspx?FileName=1020136844.nh&DbName=CMFDTEMP&DbCode=CMFD,2020
10.27786/d.cnki.gzjlg.2020.000434,董凯鸿-47963003,N02,,技术批判-mYGdQPkWK1qQgl1jGvzavRgkmO6seiljWSRFkFbNu1BxqcZzqo%mmd2FGPB5Lc9x%mmd2FOJyT;虚假需求-aeqL535VT%mmd2FvMwewWvhnQNOZYTyMzVRJjI1w0m6YUG2DUzRH5ZSwyUYGenFOQ%mmd2FeFS;真实需求-C6CTafulH8LT4m8NLU7INH5g0TqmNx8qbFgFoItPjEiH1Hv2zn25vN7qcwUl%mmd2BPSj;社会分工-s14BJvnbEIcebIqRE4Sp7TJE3ByrtK7ixREm4H0t5bzvTi6033kTOFSqHQZLPMff;大众文化-yYsfsJt2kdL%mmd2FGAmKgT7rLzfHiC6BcrWyz8YQFeHJNBO3y72UMEYVjPJOPXc5alNd,,钱厚诚-25092166,浙江理工大学,基础科学; 哲学与人文科学,自然科学理论与方法; 哲学,"随着科学技术的进步,人们的生活发生了翻天覆地的变化。按照马尔库塞的看法,其中一个重要现象就是:人的需求结构发生了改变,虚假需求取代了人的真实需求,从而造成人内心向度的痛苦和迷惘;换言之,人们在物质生活极大丰富的同时,精神层面却极度匮乏。之所以出现这种现象,马尔库塞认为,根本的原因在于科学技术对整个社会包括人的精神生活的浸透和控制,即科学技术对生活世界的“殖民化”导致了全面异化。也就是说,科学技术是思考、揭示这种现象的重要线索。在马尔库塞看来,科学技术的迅猛发展和普遍化运用,是人类的技术理性日趋发达的结果和体现;同时,前者反过来又加深了后者的滋长,使技术理性日益成为人类的主导性思维方式。在这个意义上,技术批判本身就包含了技术理性批判,或者可以说,技术理性批判是更深层次的、哲学人类学层面的批判。马尔库塞正是以发达工业社会的时代背景与现实状况为基础,继承发展了海德格尔的存在主义、马克思的劳动异化理论以及弗洛伊德的精神分析理论,从而形成自己的技术批判理论。马尔库塞以技术和技术理性为主要线索深刻剖析发达工业社会的异化状况:在经济领域,被操纵的虚假需求将人整合进入现存的社会秩序中,即,社会体系在操纵人的需求的同时达到淡化人的批判意识、使其顺从的目的;在政治领域,机械化生产和社会分工,改变了劳动者的态度和意识,腐蚀了人的独立自主能力和反抗精神,既为资本主义私有制充分剥削劳动者的剩余价值创造了条件,又使广大劳动者对资产阶级政治统治产生了某种认同,从而为资产阶级政治统治的“合理性”奠定了基础;在文化领域,高层文化呈现出逐渐庸俗化的趋势,大众文化被社会群体广泛接受,强大的消费文化加强对社会个体的全面操控,从而稳定社会统治。马尔库塞的技术批判理论揭示了技术对整个工业社会的操纵和控制,得出了发达工业社会已经逐步沦为畸形的、单向度的社会这个根本论断。但是,由于马尔库塞对科学技术的片面理解,使得他的技术批判理论又具有一定的局限性。",马尔库塞《单向度的人》中的技术批判理论刍议,boso,bbc3a58423005801af5649487655d11f,https://kns.cnki.net/KCMS/detail/detail.aspx?FileName=1020065231.nh&DbName=CMFDTEMP&DbCode=CMFD,2020
10.27063/d.cnki.ghlgu.2020.000058,张博宇-25664983,N02,,现代性-kGBfQPVuJiHkoIW9RzPQpEZDBa%mmd2FiIBh4sIMn7I8%mmd2B4zZLDtK9%mmd2F4UZO4WNPZv2wEwC;后现代性-1I5fUG4HPfXBnJ0bxvNYlnQ0U5Y1sFOvrpnieeXvCXbEj%mmd2BnyOH8NPu6Yklzrg7Xv;技术理性-UQeC53SntyQnPEufhXdi9MSS%mmd2BV7LMDIUskRI0uFnnXVvmytx0RTCfdrDtPl%mmd2FqM0g;技术道德化-hxqRyUPJK%mmd2FAOdUhnje3JMtHBpSSojMkgzIgz13d1DP%mmd2FayiA08Fx5rrAG0IOM0rU2,,马建青-14293712,哈尔滨理工大学,基础科学; 哲学与人文科学,自然科学理论与方法; 哲学,"20世纪是一个充斥着文化危机与文化焦虑的年代,是一个围绕着现代性展开各种批判的年代,其中,对技术理性的批判成为了各种文化批判主题的核心。由于科学技术的高速发展,技术理性在西方发展迅速,并在这一时期达到了最高点。尽管在其他历史时期理性文明都在以不同的方式和速度发展着,也都表现出这样或那样的问题,但是从来没有像20世纪这般明显和突出。如果说19世纪马克思所提出的劳动异化揭示了当时资本家对工人阶级的剥削和压迫,那么20世纪思想家所进行技术理性批判则揭示了人们普遍的道德缺失。在这一时期,科学技术成果变成了不道德力量用来行恶的工具,甚至成为了大屠杀的工具与手段。本文首先分析和阐述了鲍曼技术哲学思想出场的现实语境和理论语境。可以说,鲍曼的技术哲学思想是在第二次世界大战以及犹太人大屠杀运动所凸显的现代文明危机的刺激下,在继承马克思的人道主义思想、存在主义以及他人伦理学的基础上提出来的。鲍曼的技术哲学思想从根本上来说是一种现代性思想,也是一种人道主义思想。其次,阐释了鲍曼技术哲学思想的主要内容,包括他对现代技术理性的批判以及在后现代境况下对技术救赎之路的思考。总体来看,鲍曼批判的不是理性本身,而是理性的滥用。在他看来,现代性要想走向未来,就必须使技术人道化,即技术道德化。最后对鲍曼的技术哲学思想的理论贡献和理论局限进行了批判性的分析。鲍曼的技术哲学思想对现代技术理性的批判是激进的,对现代文明机制的揭示是深刻的,但是他提出的技术道德化的思路却存在很大问题。尽管如此,鲍曼的技术哲学思想为我们重新审视现代技术的发展提供了崭新的视角。",齐格蒙特·鲍曼技术哲学思想研究,boso,a5e4c85a419d5b4295c8573fb873bf6a,https://kns.cnki.net/KCMS/detail/detail.aspx?FileName=1020136871.nh&DbName=CMFDTEMP&DbCode=CMFD,2020
10.27393/d.cnki.gxazu.2020.000709,杨凡-35889840,N02,,人工物-hQnPf4g%mmd2FE3BwGFX61YKEF36R%mmd2B%mmd2FiNccodqagvGpz%mmd2Fk927vrC%mmd2BbKc6yScw8OodV4Au;结构-lwzi6f08gf9tIu4aUzZ%mmd2F78eHsQecw%mmd2FLBMEzyRZzXyrYjcr5NL1do4w==;功能-odd8YMzEF8HHVA7txiV6%mmd2FpoC4R37PcUe2o%mmd2BrA%mmd2Fi%mmd2BQwwMRdU8z8nsnA==;形态-afGvneaHqdHolQljGzrQKyOXuCDk75HUJ1AOvOHBwZUnb5IXfnTpkQ==;现象学-5TJmv2uPDr8NcxUwPz5PdT65IF5JF1wyrdLHNmxjauoh1jEkzJiJDx9OLi9W63Fm,,邓波-09097980,西安建筑科技大学,理工A(数学物理力学天地生),自然科学理论与方法,"哲学史上认真严肃地讨论技术的哲学家并不多,柏拉图、亚里士多德仅有所涉及。除了对工匠的蔑视,究其最根本的原因大概还在于技术哲学和工程哲学的研究对象------人工物的存在论/本体论一直没有建立起来。20世纪技术哲学的发展路径可分为“人文的技术哲学”和“工程的技术哲学”两支,虽推动了技术哲学的发展,但技术人工物的本体论仍没有实质性突破。20世纪90年代,欧美技术哲学界提出了“经验转向”,即专注于人工物本身和技术本身的研究。荷兰学派提出技术人工物本体论是结构和功能双重属性理论,然而,他们自己的研究发现结构和功能之间存在“逻辑鸿沟”,即不能相互推论且没有一一对应的内在逻辑关系。但现实中,人工物的结构和功能却能很好地结合在一起。理论与现实之间的矛盾使我们不得不批判地审视荷兰学派。以分析哲学为根本立场的荷兰学派要构建的人工物本体论,仍然是以“存在者”为对象的传统本体论,人工物被视为“现成的存在者”。实际上,任何人工物都是在人类实际活动中构造和生产的“生成之物”,应该从存在本身（动词）而不是从存在者（名词）来理解人工物的“存在”。故此,本文转向马克思实践哲学立场和现象学的视域,探讨在工程实践中的人工物如何从概念型、知识型变为物理型,然后运行使用直至废弃,这样的“从生到死”的整个生命周期过程。当站在如此的立场和视域来分析人工物的产生和变化时,我们发现仅从荷兰学派的“结构”和“功能”概念进行分析是不够的,必须增加“形态”维度的分析。笔者从现象学分析和设计史研究两方面论证了增加“形态”维度必要性。如此一来,人工物的“结构”、“功能”和“形态”不再是理论哲学的概念和维度,而是实践哲学的存在和分析维度。人工物将在这三个维度中去生成、去存在、去灭亡,并在此在-在世的结构中起着居间调节作用,构筑着人与世界的存在,由此构建出人工物的存在论。",试论荷兰学派人工物理论及对其“形态”维度的拓展,boso,f2a34e4881585fa28fb81d5063a959de,https://kns.cnki.net/KCMS/detail/detail.aspx?FileName=1020379035.nh&DbName=CMFD202002&DbCode=CMFD,2020
10.27063/d.cnki.ghlgu.2020.000201,何中燚-42903692,N01,,法兰克福学派-JChzI%mmd2FBbK%mmd2BPz0zSOHMm%mmd2BO0D%mmd2Fpg%mmd2Fm%mmd2BGG%mmd2FH6su9M1miQSjdE2f3lb6Jz6wknN7Vgf7ukRB1vNoKDI=;科学技术-0WqjdJJFJcSF1kx7cWZod6awhi6DlkyYIvnlCF%mmd2Be8ciQGRRVjCfw6fJri220Lj%mmd2B6;意识形态-jWUtSJg2%mmd2BfyxpwcMn7r3KeIMBj%mmd2BgVy213OC2ReY5gs8KQRboaLzX%mmd2B2NKW4A%mmd2F27F4;异化-1yrhH5Twnk374d628%mmd2FcJpqvviCf0QhzUQ0aeSTwmPSQMAo21AQSEQA==,,马建青-14293712,哈尔滨理工大学,理工A(数学物理力学天地生),自然科学理论与方法,"20世纪资本主义的新变化在文化领域的一个重要表现是,技术理性普遍渗透到社会生活的各个领域,成为了支配和塑造现代社会生活的唯一合法力量。此时,科学技术已经不再是某种中立的存在,而成了统治阶级维护自身利益和统治的有力工具,也成了与人相异化的敌对力量。因此,20世纪许多先进的知识分子纷纷站在批判的立场上分析和批判了科学技术与意识形态相结合的现代性后果。其中,法兰克福学派的科学技术意识形态论尤其经典,这种批判论对于我们深刻认识当代资本主义的新变化以及探求人与技术的和谐发展之路都具有重要的理论意义和现实意义。本文首先阐明了法兰克福学派科学技术意识形态论提出的背景。第二次世界大战后,随着科学技术与人们的物质生活越来越紧密地联系在一起,资本主义社会本身的危机也日益加重,资产阶级逐步将科学技术发展为维护其合法性统治的重要工具。法兰克福学派在马克思主义、黑格尔主义、精神分析主义的基础上提出了科学技术意识形态论。其次,详细阐述了法兰克福学派对科学技术意识形态化过程的揭示以及对科学技术意识形态化后果的批判。总体来看,科学技术意识形态化是现代性合理化世界全面构建和深入发展的必然结果,而这一现象的出现导致了人被无情地压制,以至于成为了一种失去自身独特性与超越本质的单向度的人。而在法兰克福学派看来,要克服这种异化现象,就必须激发人的超越性向度。最后,批判性地分析了法兰克福学派科学意识形态论的合理性和局限性,可以说,这种思想在马克思主义的基础上发展出了一种批判理论,虽然它的批判是激进的,但是它的建设性力量却是不足的。无论如何,法兰克福学派的科学技术意识形态论对于我国新时期科学技术的发展具有一定的启发性。",法兰克福学派科学技术意识形态论研究,boso,188d7a06df365ae0aa754caaaee79a14,https://kns.cnki.net/KCMS/detail/detail.aspx?FileName=1020136870.nh&DbName=CMFDTEMP&DbCode=CMFD,2020
10.27517/d.cnki.gzkju.2020.001272,刘燊-37509188,N02,,具身认知-m%mmd2FuN%mmd2F45qvQ68yDTq5Sis8PXl%mmd2B8kF8jVObSpR%mmd2BfIpeVBOs%mmd2Bg4PNXa5tVm93wZb7%mmd2Fa;生成认知-pgFBo7BPpEfOXGUcOgJ0epBgaMO3oHEYU8SuHmat2iTWLV%mmd2B9gLI66eTgVrb2LO7Z;延展认知-I5C5dyJ68J%mmd2BuB%mmd2F2IPZb8agZXSwzah3zM4W32x0RzGsE%mmd2BehlHccC4LMP2AWGcg8sN;第二代认知科学-c1YxkhPghubioF%mmd2BzrFFSvxfKzWNiWsyUIRq6KcOlA2y1MqKAJoQgaTLIHH53SkWe7wbVYY7j9Ys=;情绪-8akJHMTGOMB250n8csO6mfv2rfASndE6dQLpfZEkhh%mmd2Bi6%mmd2BgjiYcmqA==;实验哲学-2Y6mNvT2bw8Z2csH4oCQrII0Z%mmd2BznroqSZ5q2H3QcHoQz9%mmd2FwQR%mmd2FKgwI2ai%mmd2FiXB1S5;认知科学哲学-tFhUiuYZ1iV3EaMXzbAfyjFGikU7AZriQ%mmd2BTO464d79o4HzIL6oayzep%mmd2FXP8vWC%mmd2BWZlaFzsjBouI=,,"张效初;
                          ",中国科学技术大学,理工A(数学物理力学天地生); 文史哲,自然科学理论与方法; 哲学,"本文在认知科学哲学的框架下、以情绪入手,通过对当前第二代认知科学内部的争议进行剖析并论证了以“具身—延展认知”为基础的融合心智的局限,以及采用实验哲学的方法论证了第二代认知科学的内核是“具身—生成认知”而不是“具身—延展认知”,最终构建了一个基于情绪的“具身一生成认知”模型并论证了其合理性。总体而言,本文聚焦如下四个关键问题:第一,认知科学哲学研究范式从第一代认知科学发展为第二代认知科学的原因;第二,第二代认知科学的哲学基础、研究现状及其对第一代认知科学的批判;第三,第二代认知科学存在的问题和内部分歧的解决方法以及融合心智的局限;第四,基于情绪的“具身—生成认知”假设的提出和模型的构建及合理性论证。具体内容如下:首先,围绕第一个关键问题,本文介绍了认知科学哲学第一种研究范式即第一代认知科学的相关内容,包括:第一代认知科学兴起的内部原因和外在原因、第一代认知科学的哲学渊源和哲学基础、第一代认知科学的贡献、第一代认知科学面临的困境以及认知科学哲学研究范式的转变等。其次,围绕第二个关键问题,本文介绍了认知科学哲学第二种研究范式即第二代认知科学的相关内容,包括:采用科学计量学的手段对第二代认知科学国内外研究现状进行分析并预测了该领域未来的研究走向、第二代认知科学的哲学基础、第二代认知科学的科学基础、具身认知的研究现状和研究取向、生成认知的研究现状和发展阶段、延展认知的研究现状和论证方式、嵌入认知和情境认知的研究现状和内核等。再次,围绕第三个关键问题,本文介绍了第二代认知科学内部的整合尝试,包括:第二代认知科学内部诸进路的比较、马克·罗兰兹对第二代认知科学内部诸进路的整合尝试即融合心智、融合心智的内容、融合心智的合理性论证以及马克·罗兰兹的辩护等。最后,围绕第四个关键问题,本文介绍了基于情绪的“具身—生成认知”假设的提出和理论建构及合理性论证,包括“具身—生成认知”假设的合理性论证并论证了意义建构过程中“具身—生成”认知的实现途径是基于脑电的超扫描技术、认知科学哲学视角下的情绪以及本文选取情绪作为线索的合理性、双人脑电平台的搭建以及情绪诱发视频的选取、通过认知神经科学实证的证据证明了第二代认知科学以“具身—生成认知”而不是以“具身—延展认知”为基础以及对本领域未来的研究进行展望等。",具身—生成认知模型的实证研究,boso,e14b0dfd02815a328973868ff7f79e24,https://kns.cnki.net/KCMS/detail/detail.aspx?FileName=1020092619.nh&DbName=CDFDLAST2020&DbCode=CDFD,2020
10.27063/d.cnki.ghlgu.2020.000064,赵聪-10837729,N02,,唐·伊德-u6pE4phYUyBJsUUnS8RJ96cwLFE6dQKnc8pz2IlIY0J6EY9unoqSFwXlFa%mmd2B5gmT7;技术哲学-UdnjMYE0t12WAjtlewHjyCeYCGvL7VkxRU4wXhuqzgrVFCz1lYGQZG3BYM8Bagm%mmd2F;技术现象-5HqL%mmd2F5sNRIoC7q4Q4EK8F2%mmd2BOhyrijinS477IOZVJyj9MZ2%mmd2BfAWaE2I%mmd2BGJGfj%mmd2Fp9H,,王晨-07009172,哈尔滨理工大学,基础科学; 哲学与人文科学,自然科学理论与方法; 哲学,"为了探寻技术的本质,美国当代著名技术哲学家唐·伊德突破了传统技术哲学的思维方式,将现象学与技术哲学融合,形成自己独特的哲学思考,在技术哲学领域产生了重要影响。由唐·伊德对技术哲学阐释的原始文献及其他学者的相关研究可见,唐·伊德技术哲学思想立足于胡塞尔的生活世界与意向性理论、梅洛-庞帝的知觉现象学、海德格尔的技术之思及杜威的经验自然主义的哲学理论,结合科学技术的变革和技术以及人的异化的现实背景而提出的。唐·伊德以前人的理论积淀为基石,以现象学的思维方式观察技术世界。唐·伊德技术哲学思想主要包括四个内容:一是技术现象学,认为人与技术之间的关系为具身关系、解释学关系、他者关系及背景关系;二是技术文化观,认为技术的文化嵌入性、技术文化的可转移性、技术多元文化性及影像技术的居间调解作用都能凸显技术的文化本质;三是工具实在论,即基于工具和知觉的关系提出工具是科学与技术的界面,实验是整个工具实在论的核心议题;四是赛博空间体现现象学,认为赛博空间具有多重稳定性、工具倾向性及体现性三类特征。与以往技术哲学家相比,唐·伊德在技术哲学领域就思维方式、研究方法和理论内涵三个方面做出了重要的理论贡献:脱离了以形而上学思维方式进行技术哲学研究的惯性,推动技术哲学向技术现象学和生活世界转向;提出了后现象学和物质化解释学的新方法,为研究技术哲学提供了新的理论视角;试图挖掘技术哲学本质,提出了看待技术哲学定义的新认知,包括使技术成为一种“多元文化”和“身体-技术”。",唐·伊德技术哲学思想研究,boso,2deafca04da05237ba9bf76459ec5e6c,https://kns.cnki.net/KCMS/detail/detail.aspx?FileName=1020136869.nh&DbName=CMFDTEMP&DbCode=CMFD,2020
10.27224/d.cnki.gnmdu.2020.001445,焦文韬-45735362,N02,,马赫-LY9FfYPnGH2E2jQId%mmd2FJK%mmd2BJO5Rs6RRkwThtWIvYoCa1cRHBXO3Y9HPQ==;认识思想-6SMd0x%mmd2FPcB%mmd2Fasao4HJ%mmd2Bey3bTzJypkO2E9L7b4L%mmd2BlfHFhy3EzD%mmd2F74SAm8HfTyUlwa;科学知识-obuZWN93Q0Db%mmd2FaLfOcoQSnSGVAxStLoY2686xoJ4kl9vDPrgOaclFR9DXyhZWu%mmd2Fl;思维经济-wNQb2UaSXIBt2I%mmd2BHBt37GROqUx%mmd2F7bHyl2MKUfgTTDVY7qPyJVW4ZUN5%mmd2BeXSzc%mmd2Bck;要素-7jJzeU60rfAirEsLJT3CHu3jBBMFN2pxZPOIUDevCLQkNKMPxdgIdA==,,许占君-07985596,内蒙古大学,理工A(数学物理力学天地生); 文史哲,自然科学理论与方法; 哲学,"恩斯特·马赫的哲学思想是其在科学研究中建立起来的,他在科学方法论和知识心理学方面进行了哲学性的尝试工作,其中蕴涵着认识思想。马赫的认识思想渊源颇丰。在哲学方面,马赫从康德出发,返回到贝克莱,最后落在休谟的因果论上;赫尔巴特的数学心理学和费希纳的心理物理学也对马赫有所启发;在生物学和文明史方面,马赫吸收了进化论观点,主张人的认识也是进化发展的产物。马赫提出要素说以反对传统哲学,他认为要素与感觉是等同的,并提出心物平行的认识指导原理。记忆与联想、感觉与想象以及相似与类似是认识的基本条件;数学函数的方法、思想实验和有形实验、假设以及演绎和归纳是常用的认识方法。马赫认为,作为潜在知识的事实经验蕴含在概念中,符合事实的判断是知识的表达形式;知识体现着思想对事实的适应以及思想间的相互适应;科学理论的经济性是科学认识的目标之一。马赫的认识思想具有多学科交叉的认识倾向,它属于灵活包容的经验认识论。马赫的认识思想对逻辑经验论的形成和发展具有直接影响。马赫倡导的“格式塔”理论和思维经济原则得到众多学派的继承和改造。马赫认识思想的局限性主要表现在以下方面:马赫的要素说必然导致主观唯心主义;马赫的“要素”概念不能得到哲学界的普遍认可;他反对“原子”的观点受到其他科学家的质疑;由于现代哲学大多区分逻辑与心理的功能,马赫倡导的思维经济原则被后世哲学家所改进。",马赫科学方法论中的认识思想研究,boso,48fed88db933510cbd0c1b783a91df18,https://kns.cnki.net/KCMS/detail/detail.aspx?FileName=1020653069.nh&DbName=CMFD202002&DbCode=CMFD,2020
10.27159/d.cnki.ghzsu.2020.000619,陈俊波-42713169,N031;N941,,恩格斯-8W3d%mmd2BXx7FvDGLDexudtpSuuSpcrCVN%mmd2BM7TTtT6MexnXP00gaR0GyvE4iYNmokiUW;自然辩证法-aLw77c%mmd2BZV7Vt7m1xql2HAcfHvjgfd4J3JUfdwZAswSgJCSGEWatjnjz1pAF1O8I0;系统论-bb9q26gugL3aMpk58BgiC%mmd2BFyYSXs%mmd2Bt2jWN2nbRLe10kFjCSXCd4n29kjNRMjx2fN;西方马克思主义-UwAnA995oqVYXaxGM31gbxPFJjKOEPpwxQ9qdK3oDlsh%mmd2FyH4xA6k7RIghgCAJ4TYgkiChxWWgMM=;复眼视角-N5kjhUAvgoGmG3RVnbmrFIDlyD54bF3Zk67yH40vQsb%mmd2FMl1PHK2gD8oEpeovIxo8,,高杨帆-07644960,华中师范大学,理工A(数学物理力学天地生); 文史哲,自然科学理论与方法; 非线性科学与系统科学; 哲学,"恩格斯自然辩证法自诞生以来就饱受着种种争议。例如,伯恩施坦认为,自然界所谓的矛盾不过是观念中矛盾的表现;卢卡奇则将恩格斯自然辩证法理解为对黑格尔辩证法的背叛;施密特认为马克思与恩格斯在自然概念的理解上存在着本质上的差异;悉尼·胡克更是将恩格斯的自然辩证法认作是一种唯心主义的形而上学假设。除此之外,考茨基、萨特、诺曼·莱文等西方学者也都不同程度地对恩格斯的自然辩证法思想提出了批判。其实,纵观西方学者在恩格斯自然辩证法上的种种言论,就不难发现他们的讨论主要是围绕着“自然界存在不存在辩证法”、“恩格斯自然辩证法有没有套用、背离黑格尔辩证法”、“恩格斯自然辩证法是不是与马克思历史辩证法对立”这些问题而展开的。西方学者之所以会对恩格斯自然辩证法持一种否定的态度,究其本质,是因为受了现代西方哲学思潮的影响,试图利用资产阶级的理论体系来解释、补充、重建恩格斯自然辩证法。例如,伯恩施坦、考茨基利用新康德主义来取代辩证的唯物主义;卢卡奇以黑格尔的“实体-主体”思想来评判恩格斯自然辩证法;萨特主张用“人学的辩证法”来取代唯物辩证法;悉尼·胡克试图将恩格斯自然辩证法实用主义化。因此,这些解读严重遮蔽了恩格斯自然辩证法的真实历史面貌。我们认为,要实现对恩格斯自然辩证法的真正辩护,就必须要回到历史本身、理论本身、内容本身,将恩格斯自然辩证法的时代背景、整体性功能和内在结构纳入到理论研究中来。简而言之,需要将恩格斯自然辩证法作为一个系统来对待,并且要在环境与系统、系统与要素、要素与要素三种关系中来解读它,也即通过系统理论来剥离西方学者为恩格斯故意设定的种种印象和形象,还原出一个真实状态的自然辩证法。本文一共分为五章:第一章是界定“恩格斯自然辩证法”,通过“历史资料”和“哲学范畴”两个方面的分析,将本文所讨论的“恩格斯自然辩证法”界定为《自然辩证法》一书中“自然观-科学观-辩证法”的统一体。第二章是根据“环境-系统-要素”的系统分析方法来建立一个涉及恩格斯自然辩证法的时代背景、思想实质、理论内容的系统模型。第三章是梳理国外学者对恩格斯自然辩证法的种种争议,并将其归纳为三类最具代表性的理论观点。第四章基于前几章的理论分析,对国外学者的三类观点展开正面反驳和反面反驳,前者集中于剖析歪曲观点的理论根基,后者侧重于从系统论的视角来重新解读马恩的理论观点。第五章一方面分析了为恩格斯自然辩证法辩护的实质,认为辩护是为了还原恩格斯自然辩证法的真实历史面貌;另一方面探讨了恩格斯自然辩证法未来的研究趋势,并提出了“复眼视角”的研究方向。总之,从系统论视角为恩格斯自然辩证法辩护,不仅有利于对恩格斯自然辩证法的正确认识和客观评价,还有利于丰富和推进新时代恩格斯自然辩证法的理论研究。",系统论视域下恩格斯自然辩证法的争议与辩护,boso,4b6663b73de15c11a44d463bceaa7db6,https://kns.cnki.net/KCMS/detail/detail.aspx?FileName=1020122500.nh&DbName=CMFD202002&DbCode=CMFD,2020
10.27151/d.cnki.ghnlu.2020.003219,贾玮晗-38420302,N02,,科学表征-5qHxAn%mmd2FlQPpZLxJjLkImbGPElkGUeSCr9bjVgm23m14%mmd2BomXN6Dp2viYhOQ9W8Ozr;科学模型-mXXPvXQHaQvMeJCUTAqCIbryFlUlU%mmd2FdxT2dOyqHR85HAUSIUw55%mmd2B249BohQrMya8;科学表征推理观-5qHxAn%mmd2FlQPpBpYtPQEPlXIE7qZ95j16qiPVOAQwoXSyi6Sbj%mmd2BGqzxAUYhcVm84oyc3w8eguyDNI=;科学表征建构问题-5qHxAn%mmd2FlQPrdV87Gbg25X2fgroDPusOkw5MPN5Op9F9ZT81V0latzjrgj2gGLHYmm9tUZ%mmd2Bq2wK3ST9MAIGPg8Q==,,齐磊磊-24669982,华南理工大学,理工A(数学物理力学天地生),自然科学理论与方法,"科学模型是如何表征现实世界的这一问题一直备受科学哲学界关注。科学家们通过研究模型的性质来揭示所表征现象的特征。虽然模型在科学哲学研究中的地位发生了几次变化,但它却始终在科学发现与理论的建立过程中扮演着重要的角色。本文试图修正科学表征推理观,对科学模型如何表征世界这一科学表征建构问题做出回答。“科学表征问题”的范围十分宽泛,以至于不同的学者以不同的方式构建科学表征问题,并最终研究不同的问题。本文根据卡伦徳对科学表征问题的表述,将科学表征问题具体划分为科学表征划界问题、科学表征建构问题与科学表征规范问题。其中建构问题是科学表征问题中最基础的问题,当提到科学表征问题时,普遍就是指向“模型凭借什么表征世界”这一科学表征建构问题,因此本文将讨论的范围设定为科学表征建构问题。相似观是关系观中的代表性观点,它将表征工具与目标系统（即模型与世界）之间的关系看作是科学表征问题的回答。推理观则将表征工具代理推理目标系统的能力作为科学表征问题的回答。虽然不同版本的关系观与推理观有一些理论要点的不同,但它们仍然代表了解决科学表征建构问题的两条主要路径:一条诉诸于关于模型与世界及其关系的事实,另一条诉诸于模型的认知功能。其中相似观因逻辑问题、虚假表征问题等受到一定的诘难,而推理观更关注模型的代理推理能力,为科学表征建构问题的解决提供了一种新方法。本文在论证科学表征推理观合理性的基础上,提出了一种实质性的推理观解释。实质性的科学表征推理观加入了对模型与世界之间联系的限定以解决虚假表征与科学案例说明问题。将科学表征看作为科学实践,更关注模型功能的科学表征推理观是更合理的科学表征建构问题回答。",科学表征建构问题研究,boso,30d7fc0fb56a5c9e875be74123a6a29a,https://kns.cnki.net/KCMS/detail/detail.aspx?FileName=1020333664.nh&DbName=CMFDTEMP&DbCode=CMFD,2020
10.27224/d.cnki.gnmdu.2020.000383,石兰煜-45546220,N02,,石里克-t8RDJca4zzy4xwKF9mXPJKowNbwg%mmd2Ffo8Es1M6K3jUAtas8Df1oea%mmd2B56EKEaOHO7k;认知-O6oNI66WxsPGnhQCYF6%mmd2BCzqu%mmd2F3aqsHOIf11S0czNgWODQuWIf191nw==;符号-VPeEBOmObvsRU9DTAaxOHgrEuOXxIJEy27%mmd2FFSe4GlbHkFroiEv5gZg==;概念-rsL2g9Ma3NYBtK6RlvWUlfV%mmd2FejA0ioMlnXRiD%mmd2FVrdxtK1USll1eo9g==;判断-QRnUkfq5NnVthfoNzLcJ6VRDZqV2wM7FHqkRnb2GuJlObn9Ga2HmZg==;实在-GTJXhDgU%mmd2Fuqfl%mmd2BnCkffgRtnbNp0JSPq3HATHx3lipsNTqaa%mmd2F138w4Q==,,"许占君;
                          ",内蒙古大学,理工A(数学物理力学天地生); 文史哲,自然科学理论与方法; 哲学,"石里克的概念理论取得了关键性的创新。受爱因斯坦相对时空观的影响,石里克接受了亥姆霍兹的符号理论,但拒绝其空间直观的观点;为保证概念的清晰明确性,石里克将形式主义数学家莫里茨·帕施和大卫·希尔伯特的公理定义方式引入成熟的理论体系。石里克认为,概念是标示和配列对象的符号;是通过赋予对象特征以名称而形成的;是与意象根本不同的;所以他批判先天概念论和概念抽象论。石里克认为,判断标示对象之间的关系及其存在;概念是联结判断与判断之间的“纽结”;分析判断仅涉及单纯概念之间的关系,而综合判断涉及到概念与实在的关系;时间性是实在的充分必要条件,空间性是实在的充分条件;概念不具有时空特性,所以概念不是实在的。石里克认为,知识表现为再次认出,从不同中找出相同;知识的表达形式是判断,具体表现为概念的联结;知识的增长表现为概念的归结。石里克的概念理论具有明显的唯名论特征、实证主义特征以及语言学转向的特征;石里克的概念理论对科学知识具有基础作用,并且体现着思维经济的原则;目前学界对于石里克关于概念与实在的关系、概念与语言的关系及其知识观中的概念归结问题的理解是存在误解的。",石里克概念理论研究,boso,41ffbdcb1f025ce08b4d632c25379f60,https://kns.cnki.net/KCMS/detail/detail.aspx?FileName=1020653070.nh&DbName=CMFD202002&DbCode=CMFD,2020
10.27312/d.cnki.gshsu.2020.001949,李奕颉-45084156,N02,,梅森书信-4m%mmd2F0Xg2bJjOrZRbxXaiZ59N3An2hsaxZbjJbJHJMtWgfS%mmd2BbWRiyy24KQgCe5Do1%mmd2B;数学史-NxFUOa1IVxtqVImHbAQdfxvj9CCRKM1W0rHBdauOFtgWHtrjja2R0uEhoz8Am%mmd2BeN;梅森学会-wbStRH2f8Z8E2n3JFrNxUM8EQ9lmowUgu1Z8n0IBRwk5zcwaxtg5OBCMrQtS5RDo,,"王幼军;
                          ",上海师范大学,理工A(数学物理力学天地生); 文史哲,自然科学理论与方法; 哲学,"17世纪的科学发展经历了新旧范式的转换,这种转换被普遍地认作是代表了欧洲智识传统中一次主要的变革——从亚里士多德自然哲学到机械论哲学的转变。以经院哲学主导的亚里士多德主义受到挑战,机械论思想对科学图景进行了重建。这场革命奠定了现代科学的基础,在这个时代产生了一些我们如今仍在称道的大师——笛卡尔、费马、伽桑狄、帕斯卡尔,以及后来的牛顿、莱布尼茨。但是,在这些科学巨人的背后,却有着另外一位未被人们重视的人物——梅森（Marin Mersenne 1588.9—1648.9）。尽管梅森在近代数学史和科学史上的作用和影响引起了中外学者越来越多的关注,然而对其的专门研究和历史定位仍然存在着诸多问题和偏见。基于这种认识,本文将在前人研究的基础上,以梅森的著作和书信为主要的研究文献,一方面关注梅森的个人学术成就,通过对其数学成果切入研究,主要以数论问题为具体的研究内容,梳理出梅森数学思想的发展线索,进而归纳出梅森的主要数学思想及其对数学发展和科学发展所做出的贡献与影响;另一方面聚焦梅森与同时代学者的关系与交往,这种关系和交往首先体现在梅森书信中所展示出的“朋友圈”,本文试图比较清晰地梳理出这个他与同时代学者之间的学术交流网络,并以他与笛卡尔、罗伯瓦尔等人关于摆线问题的探讨和争论为具体的研究案例,试图剖析和展示其在17世纪数学发展中所起到的平台和促进作用;其次,这种关系和交往还表现在梅森所建立的梅森学派的运作中,本文试图揭示出梅森作为学派的核心人物,如何将自己的学术理念传达给其他成员,并启发、影响他们产出丰富的数学、物理学研究成果——这些都有助于我们深入地认识梅森,重估其在17世纪科学发展中的重要历史地位。","17世纪的“科学助产士”
                        ——梅森数学及书信研究",boso,9211d20bc8e35836be849911cb69bae7,https://kns.cnki.net/KCMS/detail/detail.aspx?FileName=1020810124.nh&DbName=CMFD202002&DbCode=CMFD,2020
10.27151/d.cnki.ghnlu.2020.003284,曾梓航-48167990,R318;N02,,脑机接口-HGx4WvCbbvDLvOwd0AV%mmd2BYe09%mmd2B46F8jErQFljOaOgpBLCoE2oALIRSU8FJF3dU55T;认识论-dr%mmd2F1EiPFNI%mmd2Fs83ETO56THpCLd%mmd2Bkmc5Tsrblz17sy4NzMpdhfpLTW0nMng3FMnZcE;延展认知-I5C5dyJ68J%mmd2BuB%mmd2F2IPZb8agZXSwzah3zM4W32x0RzGsE%mmd2BehlHccC4LBoz5RnBll6Q;延展实践-zX65JWEPOL%mmd2FJCHJqePcq5bSKu6Mk2U1Qhqswix8vPoAjfY%mmd2FNr5msjdQpuUPIEb%mmd2BR,,肖峰-07557090,华南理工大学,理工A(数学物理力学天地生); 医药卫生; 文史哲,自然科学理论与方法; 生物学; 生物医学工程; 哲学,"现代信息技术改变着人类社会生活的方方面面,随之兴起的信息技术哲学正在成为哲学研究的一个新视角和新趋势。脑机接口技术作为信息技术中人工智能的一个热点也逐步进入到人们视野里,这是一种在大脑与外部设备之间直接建立交流通道的新型技术,它使得相关计算机设备与我们的大脑活动直接发生紧密的联系,在可以“阅读大脑”的基础上将脑中信息直接转换成能够驱动外部设备的控制命令,并代替人的肢体或语言器官实现人与外界的交流以及对外部设备的控制,同时也可以实现外部器具对人类感知觉功能一定程度上的修复或替代,延展人的感知觉功能,是一种全新的通讯和控制方式。而从哲学上正确认识和理解脑机接口技术,是充分发挥脑机接口积极作用的前提,也是提升人类认知水平、认知能力的重要途径。因此从哲学层面对脑机接口技术进行探析是非常必要的。目前,国内外对于脑机接口的研究多集中在技术应用层面,在哲学上特别是认识论角度的探析还相对缺乏,对脑机接口技术缺少一种全面的认知和深入的理解。本文着重从认识论层面对脑机接口技术进行分析和探究,认为脑机接口可以在功能性上实现对人类认知能力的延展,通过对感知觉的信息精细化处理使人的感知觉能力获得一定程度上的提升,从而实现真正意义上的认识不再局限于人脑之内的愿景。脑机接口作为一种新的认知形式也对主体认知过程、功能、结构等方面产生深刻影响,人们的认识活动技术化特征日益明显,思维活动逐渐呈现外在对象化趋势,而脑机接口与虚拟现实等认知科学技术的结合也改变了传统意义上的主客体关系。最后,文章也对脑机接口技术发展过程中存在的认识论难题进行了探析并得到启示。",脑机接口的认识论分析,boso,a60d2d03cac45bd488a7573498ce8ca4,https://kns.cnki.net/KCMS/detail/detail.aspx?FileName=1020333667.nh&DbName=CMFDTEMP&DbCode=CMFD,2020
10.27235/d.cnki.gnjiu.2020.000293,杨文-14713009,N02,,生存论分析-KDx04mDQ4jxVwQFQUSuSLZIRlH5LLTIBCv4468W67HY8gWijli2RwZR5sAWtDq4H;理论态度-pKRkNT6z1%mmd2BFM1tXk5bXJFRhQMLscbn1d0dLJFz41iQVIOFEqPuIW7P4UyqiIShPJ;图像化-TL13nnO%mmd2BtwDBdpul7cMfzS8egCQCyh%mmd2BbsrPIRP1sgcDj31LVMwJRx0u6kN2Z5E1W;主体-kqttBdiZxje6x38GMxRgOaAv39ogrbuQ%mmd2FFQ5aeV2E2gF8Ulty1tFrA==;表象-FJTEgDfZqLWMyv6%mmd2FV01viAGakP4RbuaSMcqBWS30q06an3XRR6gCNg==,,王恒-08042958,南京大学,理工A(数学物理力学天地生),自然科学理论与方法,"依通常的哲学分科观念,似乎很难将海德格尔纳入“科学哲学家”的席列中,然而,这种学科建制并不代表我们不能在他的思想内容中,找到对科学尤其是近代科学的独具创意的观点。本文旨在对海德格尔的科学之思进行专题分析,揭示并考察海德格尔的相关论述对近代科学之奠基问题的可能价值。笔者将以“科学及其意义”为视点,先明确这一提法的含义,确立本文的追问路向,进而进入《存在与时间》中关于理论态度的发生分析,这一分析在所谓“基础存在论”的框架内进行。在此论域内,科学之建构与相应的对存在者的“理论态度”被证明为是另有其根基,从而科学便可被追问至一个生存论源头。但随后我们的追问将表明,这种在此在及其生存环节中寻找根据的道路,无法突出地思考“现代”科学及其本质。而若要做到这一点,必须将对存在历史的分析至少暂时性地置于此在分析之前。这一转向在科学话题上的意义在《世界图像时代》之演讲中得到了充分的展示。本文的工作重点就是对其内容进行阐释。在其中,海德格尔将科学之本质描述为所谓“研究”（Forschung\Research）,并希望通过此核心概念重新定准科学之特性。笔者将跟随这一线索,对海德格尔使用的概念进行解说,并与他一起追问此一模式何以在近代出现?何种特殊的观点或者学说担保了“研究”这一现象的产生与进行?在该文中,我们得知,所谓“世界的图像化”作为一种进程正是对这一难题的解答。笔者将在第三章厘清“图像化”这一概念,并以此为基,进入最后的反思与评价部分。在最后一章,我们将对海德格尔的论述进行质询,发现其中的逻辑漏洞和理论疑点,并提出一种以“表象”概念为核心的辩护方案,从而严谨化“图像化”学说中过于宽泛的概念,以期最终在一定程度上超出海德格尔本人的思路并深化近代科学之奠基这一话题。","从生存论分析到“图像化”学说
                        ——试析海德格尔方案下的科学奠基问题",boso,5b542a98660053a5bbb8276f2f36accd,https://kns.cnki.net/KCMS/detail/detail.aspx?FileName=1021500675.nh&DbName=CMFDTEMP&DbCode=CMFD,2020
10.27206/d.cnki.ggsgu.2020.000029,吴萍-40774803,A811;N031,,恩格斯-8W3d%mmd2BXx7FvDGLDexudtpSuuSpcrCVN%mmd2BM7TTtT6MexnUR4cP6OhX5TiJ9wiLXT0pX;《自然辩证法》-0s%mmd2FEMvk1AEryuvpwpiVmnljh%mmd2FZevEcbkw39pysPPO6hzqPkgwvOiN3cF6P07lsjTaqUZB2qwVa8=;科学技术思想-0WqjdJJFJcRSJIuekni%mmd2FsXe%mmd2FOvcOWK6MihnASroap2%mmd2B6cG2phnBVuujNgeE%mmd2FyAZWR3FgseMYSNg=,,"戴春勤;
                          ",兰州理工大学,基础科学; 社会科学Ⅰ辑,自然科学理论与方法; 马克思主义,"当下科技的发展速度超乎人的想象,科技在这一迅速发展的过程中给我们带来巨大便利的同时,也不可避免的出现了“异化”等负面问题。如何掌握科技发展的规律,更好的开展科技创新活动,建设科技强国,恩格斯《自然辩证法》中的科学技术思想为我们提供了更多的启示。本文从恩格斯《自然辩证法》中挖掘科学技术思想并与当下科技创新活动相结合进行研究,具体包括以下四个主体部分。第二章对其科学技术思想形成的背景和原因进行分析,说明辩证法对于科学家的自然科学观上的重要作用。第三章是从影响科学技术发展的要素出发,科学技术在人与自然的关系中所起到的作用出发,说明我们不仅要关注科学技术本身,更要重视影响科学技术发展的因素:经济因素、科学技术发展的主体因素、科学技术研究的方法。第四章是对科学技术的社会作用的探讨,概述科学技术发展的趋势和特点、科学技术对社会的作用,以及科学技术如何与社会发展相协调。第五章利用、总结恩格斯《自然辩证法》中科学技术思想对当代科技创新活动的启示。事物的发展是普遍联系的,科学技术正朝着万物相连的方向发展。科学技术与政治、经济、社会、文化、环境等联系越来越密切,各个国家之间更加注重对于科学技术方面的合作,如今封闭式独立的科学技术研究方式很难取得科技发展成果。我们要建设创新型国家,要在提高自主创新能力的基础上,加强国际间的科技交流和合作,共同促进科学技术的良性健康发展,把握科学技术发展的最终目的是促进社会与人的共同发展。",恩格斯《自然辩证法》中科学技术思想研究,boso,ffe095633acc5a20a042f10103397b8d,https://kns.cnki.net/KCMS/detail/detail.aspx?FileName=1020768006.nh&DbName=CMFD202002&DbCode=CMFD,2020
10.27426/d.cnki.gxtdu.2020.000894,谢扬真-40477719,N01,,大卫·布鲁尔-GcphmVhTYGALp1PSPJZbHOxyFu7lMZ4KXg9vVNVdb%mmd2FTx18Iv0f30GzONHA8jpA5AfecjwcQTE7w=;强纲领-WRZ9%mmd2FR3%mmd2BLpxLCZdA9NWi8zkYFEKb00OVfpwPz3Cii2ZL4ef5srrZsucbSsHhcX73;科学知识社会学-obuZWN93Q0CY%mmd2BqBLkC9wwsxxnSIxaNtyrewqrRZUk2zqPrkAmjfUUQxzfvH8pKTBNeiqJ1VHerk=,,张今杰-09243123,湘潭大学,基础科学,自然科学理论与方法,"科学技术日益成为推动经济社会发展以及知识水平提升的革命性力量,并深刻而广泛地渗透到经济、政治、文化和日常生活等所有领域。人类正逐渐向知识经济社会过渡,未来社会将以知识为核心进行系统建构,科学技术将成为决定社会发展的决定性因素。本论文以大卫·布鲁尔的“强纲领”理论研究为主题,旨在深化科学知识的理论研究,并结合时代背景提供有限的现实关照。知识论是哲学理论中最为核心的板块之一,因此这就决定了有大量学者对其的关注和研究。在早期时期,西方国家主张知识的本真和纯粹,而随着时间的流失和演变,直到上世纪中期后,以布鲁尔“强纲领”为代表的这一观点的出现,对之前的知识论主张进行了优化和调整,并对其思想进行了抨击和批判,在该思想中认为“一切知识都是相对的、由社会建构和决定的”。“强纲领”的提出标志着科学知识社会学的诞生,实现了科学社会学研究从非认知科学社会学向认知科学社会学的转变。布鲁尔认为,“强纲领的‘强’是指所有知识都包含了永远无法消除或者超越的社会维度”。所以可以发现,这一思想的出现更多的是主张社会学维度来分析科学知识,同时要按照其原则严格执行。但是,科学知识社会学“强纲领”的相对主义立场是显而易见的,这一点不仅招致了不少学者的批评和质疑,也使理论的创新发展遭遇了极大困境。本论文基于学界以上研究背景和研究基础,阐明大卫·布鲁尔“强纲领”形成的社会背景及其理论来源,打牢理论建构的逻辑基础;然后从“强纲领”的四个信条及其与相对主义、经验主义的关系系统阐释“强纲领”理论的主要内容,并从相对主义问题、理论内部矛盾问题、科学合理性问题三个切入点剖析其理论困境;最后对大卫·布鲁尔“强纲领”思想进行理论评析,并预测其未来走向。",大卫·布鲁尔的“强纲领”理论研究,boso,45d3a58a4be75bc5bdeb7f76ef8e0d63,https://kns.cnki.net/KCMS/detail/detail.aspx?FileName=1020408128.nh&DbName=CMFDTEMP&DbCode=CMFD,2020
10.27272/d.cnki.gshdu.2020.001125,王君-08264840,N02,,会知-k8j92yTkXdox%mmd2BqyiJMsNRDWJus5ZYWlaCugSnIjyYHJ5NXYEUcrCbQ==;所知-DhU9PApqGb6hI%mmd2Bxk1s1PElpRTeys7B1%mmd2BQxlzPr%mmd2BbPpVGNjdmHdPZ8g==;反理智主义者赖尔-Q04RDMwRCE9b4Y0%mmd2B4YorXL9pjxUI9pFMTyLasFctTl6Ey1Eo2Z7IPWYCum3pHbxlWDKCqa%mmd2BT8bankoCHYsVZuA==;能力-XU1Z4N6XrNAg2%mmd2FMcoQlxtz2YjQJWKgev4hcIVXPLCLNIZLzVQj1QmQ==;实践-SlITYPWVkokOhH%mmd2FC2rZng3ruIEO7q1XyWlDxGqO6ibR9iD7Hj1uhjg==,,"王华平;
                          ",山东大学,基础科学; 哲学与人文科学,自然科学理论与方法; 哲学,"“会知”（Knowledge-How）与“所知”（Knowledge-That）①看似是两种不同的知识种类。会知是关于“如何做某事”的知识,也通常被认为是主体做某事时所运用的知识;所知是关于某事态的命题性知识。命题是主体判断事物时有真有假的认识内容,而命题性知识是主体对相关命题理性思考后所相信的真命题。自古希腊以来,知识被认作“真实的信念加逻格斯”,由此来反映我们灵魂中理性部分的认识内容。这种看法导致人们将会知归为所知的一种,也被称为“理智主义”（Intellectualism）。理智主义将会知还原为所知,并不仅限于所输出的命题知识或真理规则,更在于认识主体对命题的理性加工过程。对命题的理性思考是会知的关键。理智主义不仅在认识论中根深蒂固,还深深影响了心灵哲学中的相关研究,尤以笛卡尔主义为代表,笛卡尔主义也进一步巩固了理智主义的地位。然而,赖尔（Gilbert Ryle）通过反对笛卡尔学说的内部观点从根本上否定了理智主义的合理性,正式提出了反理智主义（Anti-Intellectualism）的立场。赖尔认为,理智主义将智力与理智混为一谈导致了会知被迫从属于所知。但是,有智力与有知识是不同的。会知对应智力范畴内的知识类型,而所知对应理智范畴内的知识类型,两者不应被混淆。如果会知可被所知还原,那每一次会知的启动都需前一个体现智力的命题思考活动,导致该活动陷入无穷的命题思考中,理智主义面临无穷倒退的窘境。因此,会知应该是一种独立的知识种类。赖尔认为会知是一种体现智力、活动与倾向的关于能力的知识,主要表现为运用命题知识的能力,并将之输出为一种现实化的倾向,不等同于命题知识本身。主体会知某事不直接因为那些真理和规则,而是得益于调节、实现这些规则的能力。赖尔独到的见解首次引起诸多学者对会知问题的重视,也受到了理智主义一派的强烈反驳。当前我们所讨论的理智主义是以斯坦利（Jason Stanley）和威廉姆森（Timothy Williamson）对赖尔的反驳为范本的。他们认为赖尔的无穷倒退论证（Regress Argument）中存在两个基本的预设:如果某人作出某种行动,那么他运用了这种行动的会知知识;如果某人运用了关于某行动的所知,那么他就在思考与之相关的命题性知识。这两个预设再加理智主义的前提就可造成无穷倒退的困境。然而,前者只能在有意图的行动中成立,后者只能在无意图的行动中成立,两者无法同时成立。因此,无穷倒退论证失败。此外,会知与能力并不是充分必要的关系,比如琴师断臂后仍然知道如何弹琴,但却失去了弹琴的能力。斯坦利和威廉姆森还利用语言分析的手段提出了较为完整的会知还原为所知的方案,使传统理智主义的观点焕然一新。他们认为会知与所知仅存在表面的句法上差异,但两者实为相同的知识种类;主体可以在“实践的呈现模式”（the practical mode of presentation）下掌握一些关于行动方式的命题,从而获得相应的会知。斯坦利和威廉姆森利用先进的语言学工具,为众多学者对该问题的研究开启了新视角。笔者认为,斯坦利和威廉姆森的新理智主义观点存在许多问题,其所总结的关于无穷倒退论证的两个预设是对赖尔的极大误解。在预设一中,赖尔认为作出某动作并不意味具有相应的会知知识,评判会知知识的关键也不是意图,而是智力等综合因素。在预设二上,赖尔的构证逻辑是如果有人在思考命题,那么他就拥有了相应的所知,这与斯坦利与威廉姆森的总结是完全相反的。其次,他们对“会知即能力”的解读反映出他们对能力较浅的认识。斯坦利和威廉姆森利用“琴师断臂”等案例来反驳能力是会知的必要条件,但是,断臂的琴师不具备将之输出的现实化倾向,并不具备如此行动的能力。此外,斯坦利和威廉姆森并没有交代清楚什么是“实践的呈现模式”,也没有交代清楚“如何做某事”、相关的方式命题与该模式之间的关系。根据克特（John Koethe）的说法,实践的呈现模式是对行为的例示（instantiate）,但是如何例示又将再次陷入无穷倒退的困境中。斯坦利和威廉姆森的本意是通过实践的呈现模式来解决会知还原的问题,但是该概念的建立又包含了会知,因此这种论证最终是无效的。笔者在会知问题上站在了赖尔一边。然而,赖尔理论中却有一个明显的漏洞,即会知从何而来?赖尔认为实践是会知的始因,但是并没有详细地展开描述。笔者认为澄清这一问题非常重要。如果会知的建立来源于命题性知识,那么会知的独立性会被再次取缔。笔者通过分析会知和所知的本质属性,发现会知的默会性、个体特殊性与所知的言述性、普遍性是背道而驰的。会知的这些属性只能在实践的作用下被容纳。主体也只有在亲身实践中才能建立起与行动相关的能力,并相之成功输出为一种现实化的倾向。因此,会知不仅是一种体现智力、活动和倾向的能力,更是一种实践能力。实践不仅是会知的来源,还是会知塑造的必经之路。笔者将“实践”因素加入能力的内涵中,来补充发展赖尔的反理智主义学说。","新反理智主义
                        ——赖尔会知理论的发展",boso,a96efd9220495b7eb521fde14f118b70,https://kns.cnki.net/KCMS/detail/detail.aspx?FileName=1020061915.nh&DbName=CMFD202002&DbCode=CMFD,2020
10.27224/d.cnki.gnmdu.2020.000115,燕京-45544242,N02,,现代技术风险-KAlI1vs1Oyvr8JWWAxBYZ%mmd2BJuZFuFR3tgoB3M2W5b5HeRt0MYSE4GivTS%mmd2BWreFl%mmd2FTHNke1%mmd2FhHflk=;认识论-dr%mmd2F1EiPFNI%mmd2Fs83ETO56THpCLd%mmd2Bkmc5Tsrblz17sy4NzMpdhfpLTW0o1H2xSisZcK;原初风险-EjaQ1Y%mmd2FnrVWzqdL3b%mmd2Fort4bs1ma390BsnoFdqoa5DZHERlCjV%mmd2FtiCZ46Bd%mmd2BluLJ5;派生风险-%mmd2FoHVxa528nHhGLALFMX9FapzP2G%mmd2FEQ%mmd2BnvmpyxoioaeNplfY8w4RDd3esuJgsA73T;风险防控-LOeUxQURLoxh4sULV40ZHwFpEvDA8ERCgyqrkQYock%mmd2B6jr2CKcEMkKx7ujgvkvBh,,"王金柱;
                          ",内蒙古大学,基础科学; 哲学与人文科学,自然科学理论与方法; 哲学,"当代社会,我们的发展已经越来越依托科学与技术,然而,身在技术世界中,却难以预测其风险,对风险的应对之策也显得滞后且无力。因而,在认识论视阈下探究现代技术风险的认识理论、考察其根源性成因、积极探索风险防控的有效途径,以一种前置风险思维认识现代社会的技术就显得十分必要。第一章,通过考察国内外有关风险、现代技术风险等主要问题的研究现状,可以看出国内外对技术风险的研究是比较丰富的,但是有三个倾向是值得思考的:对于现代技术风险的分析通常是全面而不深入、其渊源仍然存在争议、从产生到治理存在逻辑的缺失,以上的三点既是文章的选题背景,同时也为后文的论述奠定基础。第二章主要对全文涉及到的一系列概念做一个简明扼要的界定,如技术、风险、现代技术、现代技术风险等概念,同时通过感知现象来走近现代技术风险,在对风险的广度、强度、深度等方面展开分析后,得出现代技术风险具有全球性、深层性、剧烈性、延迟性的特征。第三章以认识主体、认识客体和认识工具为框架,依托现代技术风险的认识论研究:从实在论与建构论的两重视阈探究现代技术风险的认识理论,得出现代技术风险不仅是客观存在的,也是主观构建的结果;从内在与外在的两重视角考察现代技术风险的根本成因,其中,科学知识的不完备可以认为是现代技术风险的内在根因,而现代技术风险的外在根因主要围绕着知识与主观认知间的相互作用展开;从逻辑与时间的两重线索重构现代技术风险的分类,原初风险意味着在逻辑线索上现代技术风险的本质与本原,或是时间线索上现代技术风险的起始与起源,相应的,派生风险则意味着逻辑上那些非本质与从属性的风险,或是风险随着时间的顺延而传播且不断扩大;从主观与客观的两重维度来分析现代技术风险的影响,其中,现代技术风险的客观影响是现代技术风险对客观社会的塑造与影响,主要体现在从技术社会到风险社会的转变,而现代技术风险的主观影响围绕风险意识与风险感知展开。第四章在逐一考察前文提及的风险的其可控性与不可控性之后,再依据工具理性与价值理性,为现代技术风险的防控提供一些技术路径、文化路径与政策法规的建议。",现代技术风险的认识论探究,boso,cbb10f0dc9af523f9ce5fd245987b2fd,https://kns.cnki.net/KCMS/detail/detail.aspx?FileName=1020652557.nh&DbName=CMFD202002&DbCode=CMFD,2020
10.27322/d.cnki.gsgyu.2020.000118,綦梓汐-44134087,N02,,技术风险-JSndd9SgPNFL0Ahkts%mmd2Fw%mmd2FGAp4NShidXeKFpg4CE7uv0NN7erIpgcyySpaaM99Kig;生态哲学-tHxLMDhjSIOpvE%mmd2FzqLjW1sPZSXr3aeOr2vhtpvDvNPr9lallIrCOKn9LwN9jrMX7;生态位-cbCkpiwR0jOplxeLmdcjwV1Wgx1KyI2M065ABie0tTwOjdJYztetjA8P1Pi2EHA9,,郭丽丽-14295266,沈阳工业大学,基础科学; 哲学与人文科学,自然科学理论与方法; 哲学,"在现代社会中,技术活动与人类的生产和生活已密不可分。技术对生态环境和社会环境的影响不断增加,同样的,技术的风险问题也在日益凸显,在自然系统、人自身系统和社会系统中展现出概率性的消极后果。在自然系统中,技术风险后果不仅影响着动植物也影响着大气、土壤等周边环境。在人自身系统中,技术风险后果不仅影响着人的身体健康还影响着人的精神状态。在社会系统中,技术风险后果影响着社会的生产生活,也影响着社会文化。面对技术风险产生的消极后果,在生态哲学的视角下,从技术系统、思想和认识层面、社会系统三个层面分析技术风险产生的原因。从技术系统层面来看,技术系统的复杂性以及外部环境和技术系统的相互作用具有引发技术风险的可能性。从思想和认识层面来看,技术相关参与者对于技术自身强大功能的自信造成的思想层面的盲目性以及由于不同阶层和环境形成的不同的社会文化背景对技术主体思想的影响,也可能导致技术风险。从社会系统层面来看,经济发展过程中出现的资本逐利性和技术在发展过程中受到的政治化影响都与技术风险的产生相关。仅仅对技术风险进行理论分析是不完整的,人会被技术风险后果所影响,必须要采取一些行之有效的措施,以规避技术风险。对于隐性的、潜藏于现实之中尚未展现出来的技术风险要积极预防,做好防范准备。对于外化的、已经造成后果的技术风险要从多方面寻找规避方式。从技术本身来说,摆正技术本身的生态位,纠正技术的发展方向,这是对技术风险进行规避的手段之一。除此之外还需要社会各界的通力合作,如专业技术人员的研究探索、政法界的制度约束、利益集团间的沟通交流以及公众的自我意识觉醒等,实现多元化的规避途径。进行技术风险剖析,其根本目的是为了人类社会的长久发展,克服技术风险的不良后果和影响,通过理论探讨和实践探索实现人、技术、自然的和谐统一。",生态哲学视角下的技术风险,boso,672694404e1b5968968f137310da3c1c,https://kns.cnki.net/KCMS/detail/detail.aspx?FileName=1020112276.nh&DbName=CMFD202002&DbCode=CMFD,2020
10.27272/d.cnki.gshdu.2020.002339,张雨-11099867,N02,,确证关系-%mmd2Fo4oke1qoMq%mmd2FnYdX636rObgc6DN0Lk9isL7%mmd2BZSgtROm4XSxIhmPgIbwvscxD53%mmd2FP;好的理由-raTk0lqM3X3nq%mmd2FXTCatNDagyIw3b75gjZUjBiSs1RoZVef9x4XKn9n1IxRERmRE9;潜在证据-N0bAKrJ1ilMQrPjt3%mmd2Fhx%mmd2BL%mmd2Fne12Om8ReUQKqv57MU4j97ZLLPjQp3ErcVXDl3s6B;认识情境证据-DPCYYpqOf2NKWRIAgPIazzZGaai5CL1mo%mmd2B0Dfb0DZkOTIT%mmd2BtMoHOBXn8zM2C5CC2kjFArtxV7gE=,,"任会明;
                          ",山东大学,理工A(数学物理力学天地生); 文史哲,自然科学理论与方法; 哲学,"关于“证据”概念的确证关系问题是科学哲学中的重要议题。在各种捕捉确证关系本质的确证理论中,主流的有三类,一是基于例示的确证理论,二是假说演绎的确证理论,三是采用贝叶斯概率公式的概率化的确证理论。其中第三种又可以分为高概率确证理论和概率正相关确证理论。三种确证理论面临一些悖论或难题的困扰,其中有乌鸦悖论,不相关理论问题,不充分决定性问题,以及绿蓝悖论等等。阿钦斯坦认为,这些确证理论会屈服于关于证据的两个假设,即弱假设和先验假设,从而难以实现我们对证据概念的要求。而一个合适的证据概念应该为科学家相信某个假说提供“好的理由”。为此,他提出了“潜在证据”的概念,并在这个概念的基础继而定义了“主观证据”,“认识情境证据”和“真实证据”。他认为,科学家所寻求的是“真实证据”概念。通过引入概率阈值和“解释性关联”的概念,潜在证据的确可以排斥那些困扰三种确证理论的反例,可是,一些重要的标准的缺失,例如确定解释正确性的方式和概率赋值方式,同样会削减阿钦斯坦证据学说的合理性,说服力和实用性。此外,通过回顾克朗兹和阿钦斯坦的争论,本文认为,承认中介假说作用的三向的解释性关联,必然会导致一些违背常识的困境。不能作为证据充分条件的“好的理由”,也必然会引起证据和“好的理由”的割裂。我们或许可以通过约束双向的解释性关联,以及转用“一些理由”以回应这两个困难。在本文的最后,文章提出,真实证据概念过于理想化,和我们对证据学说的要求是脱离的。而寻求证据假说的实用性时,我们必然要考虑认识情境对证据论断的影响,因此,认识情境证据,或者一个认识情境化的潜在证据,是更重要的证据概念。",确证理论和阿钦斯坦的证据定义,boso,5f2aacc94bba57b1bb569378146806e3,https://kns.cnki.net/KCMS/detail/detail.aspx?FileName=1020061917.nh&DbName=CMFD202002&DbCode=CMFD,2020
10.27005/d.cnki.gdzku.2020.001048,刘训坤-40956544,N02;A811,,马克思技术哲学-kbVRNLK54rEw3LFB1tirU6hd5dLosiCUw5bYeWn3o0497vZAXUMJyt%mmd2FbdFD6LMyVFrjJJBhGnro=;现代技术-KAlI1vs1OysV02bwTotj3zD3Hc%mmd2FGTdvmuRHTRcgHxUQOBG%mmd2BMotKF7iPzAXmKNw27;生活实践-KNbtj9d6ekbw4ad65tawx7yg25sKzn5nTBjkAPqJ%mmd2B019k1ePARYFDZEgTl7jfs8%mmd2F;反思-WPe9w14cRHdF6vvUsVpqU51DY3wtzxqN%mmd2B7IR8gHm1OYheHR3HRJ5Mw==,,"郭芙蕊;
                          ",电子科技大学,基础科学; 哲学与人文科学; 社会科学Ⅰ辑,自然科学理论与方法; 哲学; 马克思主义,"现代科技的发展给人类带来了巨大的福祉,但不可避免地也导致许多问题接踵而至,如生态环境破坏、资源匮乏、贫富差距拉大等。现代社会是依托于技术建立起来的,我们的现实生活实践是不能脱离技术的,因此我们必须高度重视技术发展带来的各种问题。在反思技术发展中出现的问题时,我们应回归马克思的理论,寻求这一问题的解决途径。本文着眼于我国社会发展新时代人民对美好生活的向往和追求的现实,立足于当代中国技术发展现状,以马克思的技术哲学为理论支撑,展开对于生活实践的研究。第一章为文章的绪论部分,内容主要包括本文选题的缘由、本文的研究意义以及对国内外研究现状的梳理,确定论文的研究方法和思路,并概括本论文可能的创新点。第二章是马克思技术哲学的概述,说明马克思技术哲学的主要内容、马克思生活实践理论的主要内容并阐述马克思当时所处时代技术对人们当时生活状态的影响,从而为运用马克思技术哲学的相关理论来解决现实问题做好铺垫。第三章是技术与生活实践的关系分析,技术与生活实践之间是互动关系,技术提升生活实践水平,生活实践又推动技术的发展,但是在技术发展到一定程度的当下,生活实践被技术捆绑了,并由此产生了各种各样的后果,本章节就是要分析被技术捆绑的生活实践的现状,并对现状进行后果分析。第四章是在马克思技术哲学视域下对生活实践状况的反思。在马克思看来,技术是人“器官的延伸”,是帮助人类实现自由而全面的发展的手段,可是通过上一章节的论述,我们可以发现,在现今生活世界当中,人们对技术的不当应用,导致技术不再是人发展的手段。因此本章节的内容就是运用马克思的技术思想及相关理论对上一章节的现状和后果进行反思。文章的最后一部分落脚于新时代人民对于美好生活的向往,在反思的基础上,回归于现实,从中国现实状况出发,探讨技术视角下人民所向往的美好生活的应然状态。",马克思技术哲学视域下的生活实践研究,boso,0d94f266a98751b18ebe9e9cdbb2f936,https://kns.cnki.net/KCMS/detail/detail.aspx?FileName=1020736112.nh&DbName=CMFD202002&DbCode=CMFD,2020
10.27322/d.cnki.gsgyu.2020.000036,陈童-44146595,N02,,自然技术-9H5MuhQAofnjx6EysCQTstRSh1RP1fMYDEqrKe8DB1MddW7Lm7R9Tao1WBJDTO8U;STS-pcZ%mmd2BLk4vb9%mmd2FyWhHS8IoztASuQeX5%mmd2FSn8p5qphlR8v5DcnMM%mmd2FyI%mmd2Fzww==;技术-ZuhP3mllaS2TxKEx67Nu8k%mmd2FW6hOXIHkltWKIB3WecoP8b%mmd2BOjAcDJHg==,,吴虹-08652348,沈阳工业大学,理工A(数学物理力学天地生),自然科学理论与方法,"在人类历史发展过程中,人类对自然界与人类社会认识和了解是伴随实践的视域的扩展和实践能力的增强而逐渐深化的。正是这些新的认识和新的了解,人们才不断的认识并逐步总结、发现和掌握了自然科学以及自然技术发展规律,进而形成科学甚至是体系。由此,在科学与技术之间,建立并形成了相互的辩证统一关系,即科学指导并引领自然技术的发明创造,助推了自然技术的进步。与此同时,进步的自然技术对科学知识不断提出各种新的诉求。自然技术具有历史继承性和创新性。自然技术的所有进步和创新都基于继承和创新。继承是在创新过程中实现的。继承和创新不断重复和交替发展,以促进和改善自然技术的持续发展。从技术发展的历史进程中,我们也不难看出前人留下的自然技术知识成果越丰盛,自然技术的力量也越加强大,后人在传统自然技术的创新领域就越有施展的空间,自然技术的发展也就越加快速。在实践过程当中,正确处理继承与创新的辩证关系,自然技术才会发展的更加迅速。从科学维度看,科学引导自然技术进步,科学是自然技术发明的力量源、科学是传统自然技术创新的加速器、科学是新兴自然技术的奠基石;自然技术的实践应用催生或拉动自然科学再创新,自然技术的实践应用需要创新的科学知识指导、自然技术实践应用需要勇于创新的科学精神引领、自然技术创新发展离不开社会科学相辅相称。从技术维度看,传统自然技术的积累是自然技术进步与创新的必要基础和准备,自然技术的创新发展是对传统自然技术质的突破与挑战。从社会维度看,社会进步对自然技术创新发展具有一定的引导和调控作用,社会进步对自然技术创新发展具有明确的引导作用,社会进步对自然技术创新发展具有能动的调控作用;自然技术创新发展对社会进步是一把利弊并存的双刃剑,自然技术对社会进步具有正向的意义、自然技术对社会进步具有负向的影响。",自然技术的STS解析,boso,7ef2dc377976591fa071dac80a98a3b3,https://kns.cnki.net/KCMS/detail/detail.aspx?FileName=1020112278.nh&DbName=CMFD202002&DbCode=CMFD,2020
10.27284/d.cnki.gsxiu.2020.000089,关超-34696712,N02;TP391.41,,视觉感觉-BBe%mmd2F2khMPMx5JVTfSApoRueDldoVoiDVA75DA0mG9U7ADD4F7nZVKelqGYHTcG9J;影像-jPfm65vanrUWg9iNjW%mmd2FG6Z%mmd2FFaAkZPFHr2aHLh%mmd2BK4HnJTOyqdzXvpqw==;知识论-2QDUwEaCRI%mmd2FwLjOH7O8pfWQQGUGWyXRHnaTIlJcQrMtnjMRraq5YpE8AXgWenqgk;科学-GRINiovNnalp4QYvWs%mmd2FiYLoxB5xpisFgxU5xAZxrf0%mmd2BTX1sMt9cqNg==;心灵-DJv6vp4xy61odGj3ksKFY2qFCyrfRcnRm59Q%mmd2BAdLH6JpQATjAGuvyw==,,"费多益;
                          ",山西大学,基础科学; 哲学与人文科学; 信息科技,自然科学理论与方法; 哲学; 计算机软件及计算机应用,"关于视觉的哲学问题历来都是哲学探讨的主要问题。然而,传统的知识论哲学一直都没有真正找到人类如何通过视觉获得知识的答案。随着现代科学技术的迅猛发展,数字视觉技术的普及让大众日益陷入了视觉信息的大爆炸之中,人们也越来越认识到视觉及其衍生物具有不可估量的认知作用和社会功能。但视觉认知的本质、具体的发生机制、科学的解释方案等问题都还不甚清晰。所以,在这样的大背景下,对视觉的哲学考察和哲学评价变得越来越紧迫,正在成为一个具有时代意义的重要课题。本文尝试选择感觉的角度作为切入点,因为视觉感觉是视觉发生的最初阶段,比视觉经验还要更早,其结果被呈现为一种在场的影像。影像的独特之处在于,它更强调视觉感觉发生时所具有的那种即时感和现场感,是视觉感觉活动的直接对象,也包含了外在视觉对象所拥有的真实属性。而与影像类似的图像、意象、图式等内容,都是由影像派生而来,所以只有选择感觉影像才能真正实现对视觉的完整考察。知识论作为哲学的基本论域之一,从感觉影像出发的知识论研究对主体、哲学、科学等不同维度的认知价值,具有最大化的统摄效力。为此,本文确定了视觉感觉影像在知识论研究历程中存在的问题,即在传统知识论研究中,感觉影像的认知价值没有得到前人的普遍认同,特别在哲学的语言转向和科学实在论的兴起之后,感觉影像因为主流哲学对语言和科学拥护,而被认定为没有逻辑属性的非概念性感觉材料。这是本文不能同意的。如果这种反对是正确的,那我们将无法解释心灵如何能获得关于真实世界的知识之问题,人类知识系统的客观性也会面临被丢失的威胁。故而有必要重新审视视觉感觉及其影像在知识论证中可能发挥的认知功能,这样不仅能使人清晰明白地了解视觉的认知机制,还能保护人类知识的根基不被动摇。故此,本文立足于康德直观理论和当代概念论理论,讨论了感觉影像在定义问题中存在的分歧和混乱,从词源学的角度界定了影像概念的应有之意;之后,尝试对感觉影像可能具有的认知功能进行了哲学论证,重点分析了影像的概念性特征和逻辑性本质,对感觉影像在科学知识系统中的框架基础地位进行了辩护;回应、答辩了感觉影像在传统哲学中可能遇到的理论争议,最后得出如下结论:（1）自笛卡尔以来,大部分讨论视觉的哲学家都区分了视觉在不同认知阶段中的不同表征,可能是缺少关注的原因才导致了Image概念的混乱,且要理解其真正的概念需要建立在相关论点的本体论基础上才能实现。影像不仅是人类与世界直接接触的重要媒介,其内部本质也是包含了理性运作的概念性命题内容,正常的感觉主体可以直接通过感觉影像对世界做出客观判断。（2）感觉影像及其技术性的延伸所具有的逻辑性应用价值,已经体现在现代科学理论研究的观察、确证和交流等步骤中,感觉影像的直接认知能力为这些应用的可靠性奠定了基础。在科学中,影像不仅承担着意义的表征功能,还为科学理论的整体系统提供了方法论的框架基础。（3）虽然影像的知识论价值在传统哲学的语境中没有被广泛接受,但从朴素实在论的本体论立场出发的感觉影像,可以合理地为自身提供有效的哲学辩护,这种辩护立足于博物式自然主义观念,以还原论和非还原论的论战、他心可知和不可知的争论、心灵与世界的关系问题为切入口,反驳了来自物理主义和科学自然主义的理论批判,论证了感觉影像在主流哲学语境中依然具有合法的认识论地位。总之,视觉感觉影像,是感受性的、现象性的、逻辑性的认知存在,从它出发,可以更新我们对自我的认知,可以夯实我们的知识根基,还可以在科学哲学层面服务于哲学思辨和科学推理,从而实现影像、主体、哲学和科学的多赢。",感觉影像的知识本质辩护,boso,47202f6e602f5c15b2f09201d7e394e2,https://kns.cnki.net/KCMS/detail/detail.aspx?FileName=1020626113.nh&DbName=CDFDLAST2020&DbCode=CDFD,2020
10.27284/d.cnki.gsxiu.2020.001188,徐禄-43001746,N02,,帕特里克·苏佩斯-3zQo6dta4R8cXA%mmd2BoAMiwoqsLtgebc9%mmd2BdbV6T%mmd2F0s6ctLqN3KryBk7rR6DedLgbZNgWlKCuSu%mmd2B7JI=;集合论-ewoS9i1VXWHyPiJ%mmd2B1dKL8NqeJZz8KN5l%mmd2F1o%mmd2FJ58eCGDXvnbE53TSn4dzxMNuY6wD;测量理论-CarR98nW4vuqwwnELwEzCxLeu%mmd2BSLzIT9gvo0gvxo9jKFzs9%mmd2BaHABv8yLpc96ocdM;概率形而上学-bwaZq3tN7dvcnSpZ69DemyH8X0Qck2YEFgKEOsNaNzZacJ%mmd2F%mmd2FhibfQeWczgjLGr70%mmd2FxEmzrOzHlw=;脑实验-UBQz0BHW2n33lcfMf3ecGMnobdaSYUAY7mq696BHKIPF%mmd2Fc4Sv50538tUhfoJPHKw;多元主义-L1X%mmd2BYGUlI1vEwjBXTPkc4kpP8K2V15qbDKqAF4E5ghmiJ3yTNG39CyXCf4pUW71u,,"王姝彦;
                          ",山西大学,基础科学; 哲学与人文科学,自然科学理论与方法; 哲学,"帕特里克·苏佩斯是美国著名的逻辑学家、心理学家,二十世纪后半叶最有影响力的科学哲学家之一,他涉猎多个领域,如物理学、逻辑学、测量理论、概率论、语言学、心理学与神经科学、计算机教育技术等,并对一般性科学哲学问题作出探讨。本文依据内在逻辑对苏佩斯的科学哲学思想进行实证性考察和系统性研究,主要涉及四个核心问题:科学理论观、测量理论的表征与不变性、概率形而上学以及脑实验与非经验性问题,并在此基础上从方法论层面对其研究的基础性路径做出探析,即形式化方法和经验性实践相结合。第一章为科学理论的逻辑重建——苏佩斯的科学理论观。基于对逻辑经验主义科学理论“语法观”的重新审视,苏佩斯将现代集合论运用于科学结构问题的探讨,提出了集合论公理化的研究进路,认为元理论分析的基本单元不是陈述而是模型,进而将科学理论视为模型的集合,通过对集合论谓词下定义的方法实现科学理论的公理化。这种通过严格定义各项函项和关系并用谓词表达出来的形式化方法,不仅为科学结构的表征和不变性研究提供正确的分析路径,同时还避免了其在形式计算上的语义学缺失,它使科学理论在一阶逻辑范围内得以明确阐述成为可能,真正反映出经验科学理论的复杂特性。第二章为测量理论的表征与不变性——苏佩斯的测量哲学。基于对经典测量理论两种研究进路,即注重经验数值的可表征性以及研究测量尺度类型及其转换的批判,苏佩斯将数值解释和经验解释予以整合,提出了表征性测量理论,以实现理论与实践、经验认识与数学表达的内在联结。他采用集合论公理化方法而非语言学进路,将测量定义为一种关系结构,并在此基础上对测量理论的两个基本问题——“表征问题”和“不变性问题”以及测量尺度的分类展开了研究。苏佩斯关于测量理论的研究完成了关系系统与数值系统之间的结合,既涉及到经验定性系统在数值表征所满足的条件,又涵盖了尺度类型和表征尺度变换等关系系统的数学性质,实现了经典测量理论的理论整合,促进了测量理论的发展。第三章为概率形而上学——苏佩斯的概率思想。基于新传统形而上学”的决定论、确定性、完整性以及科学知识统一性等信条的质疑和批判,苏佩斯建立了“概率形而上学”来处理认识论问题,所形成的广泛的概念框架得到科学和经验证据的支持。他分别从概率与随机性、概率与因果关系以及概率与不确定性三个方面展开论证了“世界本质是概率”的基本命题,并进一步对“统计决策理论”做出探讨。在指出贝叶斯理性理论存在的三方面问题:公理化问题、不精确测量问题以及概念框架扩展问题后,苏佩斯并进一步阐述了理性决策理论的经验性方法。第四章为脑实验与非经验性问题——苏佩斯的心灵（脑）哲学思想。以三个扩展性问题:脑认知活动的计算与表征、“先验知识”的心理机制以及基于理论选择的“习惯”问题为例,基于自然方式对非经验性问题的神经心理学基础展开研究。对于脑认知活动,苏佩斯采用现代成像技术进行了一系列的模拟实验,对刺激在大脑中的表征以及语言成分的不变性问题做出了探讨。针对“先验知识”心理学基础薄弱的问题,苏佩斯将其转换为经验性陈述的真值计算,再由真值计算转为概率估算,以对先验知识形成的心理机制问题给予回答。在“习惯”理论研究上,苏佩斯基于神经科学和认知科学的最新发展对其加以重解和新探,强调了习惯至于理性选择的基础性意义,即在习惯的限制下可最大化我们的理性选择。第五章为形式化方法与实验性实践——苏佩斯的方法论体系。基于一个全新的科学观和科学哲学观的语境中,对苏佩斯提出和使用的概念及其方法论相关性进行评估。苏佩斯的形式方法统一科学的丰富性和多样性,使科学哲学更接近科学学科的严格标准,同时避免了新实证主义观点的僵化。对于实验性实践,苏佩斯强调了实验理论在科学中的显著作用,认为哲学家必须全面学习实验程序,才可将基础理论和相应的原始实验数据联系起来以构建正确的理论体系。结语部分对苏佩斯的科学哲学思想研究进行整体性的评价。苏佩斯始终以“经验”为中心、坚持实用主义、概率主义和反还原主义,这些不同要素完美地融入苏佩斯的科学哲学研究之中。作为一位真正的多元主义哲学家,苏佩斯为我们深入理解科学打开了新的理论视域,同时也为科学哲学的多元发展提供了方法论的启迪。",帕特里克·苏佩斯的科学哲学思想研究,boso,80a0c1b6f18a545b84922cd31e5fcba0,https://kns.cnki.net/KCMS/detail/detail.aspx?FileName=1020810626.nh&DbName=CDFDLAST2020&DbCode=CDFD,2020
10.27063/d.cnki.ghlgu.2020.000197,孙丽颖-43024070,N01,,科学精神-LAGsFA975nqSWxtj6oZkI1%mmd2B5oP5Vig1PVCWLYirdxXkeQ6xUGZKBRkrHsWC6L3%mmd2B5;创新-i21kFDBSovTWCf5CPLBJEop2%mmd2BiFjrT3f1vr6JmLxH3WjclXjkGW6Iw==;奉献-speu3MwbZbHP6thZiLKtEj7PnTf19GQru%mmd2FsRIUwZNVrVnMKqh6E%mmd2FVw==;协作-jDszxq2%mmd2B4w769ReYsU0uXeq%mmd2FZcvdfp6otZs9mwn3GXqZNhxC6BI6xA==;求实-lAKcVgSuq4m0A9luxnhl1ox8hNYIKr3z1LwgSJuqyQ6VVbICMHRN2w==,,伍玉林-07009265,哈尔滨理工大学,基础科学,自然科学理论与方法,"科学精神是国家繁荣富强、民族进步的精神财富。王大珩的科学精神是指王大珩在长期从事光学研究的科学实践活动中形成的信念价值及其行为规范的总的概括。它伴随着王大珩光学研究的不断深入而发展成熟,成为了一个独特的科学精神体系。王大珩从事光学研究数十年来,所形成的创新、奉献、协作、求实等精神,值得我们深入研究思考。本文介绍了科学精神的研究背景,阐述了科学精神的研究目的,介绍了科学精神在国内外目前的研究现状。通过文献研究对科学精神进行了概括,总结了科学精神的特征和构成,并对科学精神的相关理论研究进行了深入分析。通过对王大珩生平事迹和学术成就的研究回顾,梳理出王大珩科学精神的渊源,归纳出王大珩科学精神的表征。在深入分析科学精神的基础上,阐释了王大珩科学精神的启示和意义,探讨其对于社会、人类、科学发展的启示,进而提出王大珩科学精神在建设创新型国家、建设小康社会、推动社会发展科技进步、破解科技难题等方面的现实意义。本文力图在相关研究的基础上,通过深入的调研和思考,为王大珩科学精神的研究做一些有益探索,使得王大珩的科学精神能有益于更多年轻人的成长,并可以为相关研究提供一定的依据和研究思路。",王大珩科学精神研究,boso,520bd9a122aa5cc7adb0a5ebe206d856,https://kns.cnki.net/KCMS/detail/detail.aspx?FileName=1020136831.nh&DbName=CMFDTEMP&DbCode=CMFD,2020
10.27248/d.cnki.gnjqc.2020.000096,刘倩倩-15125045,N09,,罗洪先-APey86Fg7IkhYbNF6XvRX7JJiljAoOaH58FtBrDFHWh4ciSiZgmx4fxJwWLagcb6;进士-ihRZsxEeWGQjvqHGbFLc8mNZmnmkAaA5CJFMsrHxH%mmd2BZHbcxfWBkabw==;古代科学家-RFHqalRNeGPrNdiqwGAd7K6KH3%mmd2FnRvZcR%mmd2BH0rHUuqQ2gO7UJBhPPZydU%mmd2Bzswlwdm;科学活动-I7kkFDuthZkKNp%mmd2BKdTm3TKEx5quH3VXIBQK7ad5Vb5XGXCIpJ8%mmd2Fq%mmd2FA%mmd2FqbuCgS%mmd2Fu4;科学思想-dDSdEWFPe0JmRIpN%mmd2B5UBIwag3LSqP7BDUll7NcAngTRZ0LIFbPyz1ko2vNIZUGoT,,李忠明-21820673,南京信息工程大学,基础科学,自然科学理论与方法,"进士科学家这一特殊群体是中国传统文化的综合产物,是人文儒学与自然科学水乳交融的历史缩影,以进士科学家为研究对象,对中国古代科学技术的发展进程具有典型性研究价值。在诸多进士科学家中进一步选取明代状元罗洪先作为研究对象,从科技史角度分析罗洪先的科学思想和科学贡献,结合罗洪先所处的时代背景,系统阐释罗洪先科学活动和科学思想的成因,对罗洪先的地理学成就《广舆图》及其它未被关注的科学贡献重新予以评定。通过对罗洪先科学活动、科学贡献和科学思想的挖掘,由点到面,分析中国古代科技儒学化特征背后儒学与科学的相互辩证关系,进而批判继承历史科技文化传统,积极寻求对现代科技文明的启示。本文主要包括以下几个方面:（一）从科技史视角梳理明代状元罗洪先的科学发展脉络,全面梳理罗洪先的家世、生平、师友交游活动,编制较完整的罗洪先大事年表,总结罗洪先的人生轨迹;（二）提炼罗洪先思想中勤于思考、善于探索、尊重客观实际等思想品质,概括他近察远闻、明物察伦、周经改密的科学态度和“求简易”、“务径直”、不以偏概全的求真求简思想,结合罗洪先的个人著述和他人述评探究状元罗洪先科学行为的精神内核;（三）分析归纳罗洪先《广舆图》的创作缘由、参考资料、版本、绘制内容、绘制方法、创作过程及对中外产生的深远影响;（四）归纳罗洪先其他的科学贡献,主要包括“日晷理论”、经纬度以及“月借日光”认识,从历史纵向维度和中西文化交流横向维度对罗洪先做尽可能全面的历史评定,肯定罗洪先在科技史方面的重要价值。中国古代传统文化对科学包容性极强,科学与人文相辅相成,传统文化土壤也是催生科学果实的重要力量。中国传统科学是以天人合一为其“体”的东方科学体系,与西方科学范式并道而驰。罗洪先是在以儒家文化为主导的中国古代“逆行”而生的特殊现象,但绝不是个例,结合罗洪先的科学思想和科学活动,以小见大,辩证讨论儒学、科举与古代科学的互动关系,批判继承古代科技传统,为当今社会培养文理兼修的综合型人才提供借鉴。",明代状元罗洪先的科学思想和科学贡献研究,boso,827c9b3501d35046808e0e1b14e7bc41,https://kns.cnki.net/KCMS/detail/detail.aspx?FileName=1021505363.nh&DbName=CMFDTEMP&DbCode=CMFD,2020
10.27493/d.cnki.gzdzy.2020.001340,王清雅-45448990,N09;P642.131,,中国-EVLPAkZDvAUemeq7g0PE4Hvfs%mmd2F8kvg4NZWe%mmd2FI0GECV7xQORr5KjD8w==;第四纪-WBA4FGkFVwkEIgtkOiHHn8Ga%mmd2B2pl3VlAM8P34KGYKKJsAYK3JN%mmd2BpnDGuM3ESmlfm;黄土研究-eJrBUAD5nh6Gw5Mo2DtqVceb0Af7WJ0hdxod9Ig9T5rUwf%mmd2FsGbOe2ZhdVcUyCsMO;研究阶段-mvolo4VEXtuidoupEYeah%mmd2Fj9i3xyYJbGe4fznPPK%mmd2FFYyon0YclgGGfRew52Iwqb6;科学发展史-YXov6UQJ8fEsg0gW8uTqocUce1B2nuBvC3hN7QWX7jzqjJ%mmd2BbzMMpR7%mmd2BY6vPJ0C0q,,"王训练;
                          杨晓刚;
                          ",中国地质大学(北京),基础科学; 工程科技Ⅱ辑,自然科学理论与方法; 地质学; 工业通用技术及设备,"回顾了我国黄土研究的发展历程,划分了我国黄土研究阶段,重点论述了我国不同时期黄土研究的特色及成就,探讨了中国黄土研究存在的主要问题和未来的发展方向。将我国黄土研究历史分为五个阶段,包括孕育期（19世纪中叶以前）、萌芽期（19世纪中叶–20世纪中叶）、成长期（20世纪50年代–20世纪60年代）、繁荣期（20世纪70年代–20世纪90年代）及成熟期（21世纪初期–至今）。孕育期我国限于有关黄土的记录,尚未在地质学思想启蒙下开展研究。萌芽期我国黄土研究主要以国外学者为主,国内从事的人员较少,主要集中于黄土成因探讨和宏观特征观察。成长期我国成立了专门的黄土研究机构,逐步开始进行系统性地研究,主要集中在黄土调查,研究区域以黄土高原为主,积累了大量的黄土资料,研究内容主要为黄土地层划分以及黄土地质工程问题。繁荣期我国黄土研究进入了比较研究阶段,开始注重进行室内分析和研究,",中国黄土研究简史,boso,788153dda21d559bade0c2a503d65597,https://kns.cnki.net/KCMS/detail/detail.aspx?FileName=1020044857.nh&DbName=CMFD202002&DbCode=CMFD,2020
10.27284/d.cnki.gsxiu.2020.000763,吴泽鹏-44205873,N02;TP311.13,,大数据分析-TUTheI6zw%mmd2BZSY6k%mmd2BCSh8elCfrvveeZSKjfExKpOKUq6ajJsc%mmd2BGEvbkevzdNiCGrt;数据实在-t1%mmd2FIVtUanwhsYbdDgHn0XvOO44AdkrqDXMU%mmd2F%mmd2FslEDr5KR2mxg2NYZt0UbcFDOy%mmd2F5;大数据知识-TUTheI6zw%mmd2BZVOljx0XOSCzsSQEYZmminKhXYoXocfBExsEw8u9mgVKFkUb7SJBQV;数据范式-ovECdASFwXIJ3AlYW%mmd2FiJFWcAh5%mmd2BDoAopxMbiq8PaoDAeBHXYsCUtuAoLXAqfDU78;语境论-7kzGMD35A0FHWxtavmkGJ5Av7jVIVWC%mmd2BLiDIJRxl7JOvaBlYC12M2MaNyVZHzP6c,,"刘伟伟;
                          ",山西大学,基础科学; 哲学与人文科学; 信息科技,自然科学理论与方法; 哲学; 计算机软件及计算机应用,"大数据分析作为一种新兴的科学研究方法,亟需要一个全面系统的哲学理论来作为支撑和保障,为此,我们需要从本体论、认识论和方法论等多个层面展开对大数据分析的哲学讨论。语境论思想是基于现代自然科学和社会科学发展而形成的一种科学世界观,目前它已经在诸多哲学与科学难题的求解过程中发挥了有效的作用。在语境论视域下对大数据分析方法进行研究,能够使我们更加透彻地把握大数据分析的认识机理、方法论特征及其意义,并帮助我们解决大数据分析在实际运用过程中遇到的理论难题。第一,在数据世界观中,数据成为了数据科学语境中事物的关键属性,将一切数据化成为了认识世界的有效方式。在这种本体论态度下,大数据分析的客体变成了数据实在,其实在性由客观世界的客观性和所在语境的规定性保证。第二,大数据分析的认知过程是语境化的,其认知特征来源于被归纳语境的特性:海量的数据具现了研究问题所在语境的同时,也将语境的整体性和动态性体现了出来,这使得我们可以在问题与问题的复杂关联中以一种动态性的视角认知客观世界;当前科学语境的理论体系和技术语境的实践操作分别为大数据分析提供了建构性和目标性的语境化认知特征;具有基础性的科学理性在大数据分析中被相对化和语境化,呈现出与境遇理性相统一的特征。第三,从大数据分析的知识生产来看,大数据分析的多元认知主体导致主体在研究语境中的作用发生了转变,这使得人的目的和实践贯穿于大数据分析知识生产的整体过程;由大数据分析所输出的知识虽然不具备解释和说明原因的能力,但在微观和“区域性”语境中仍然能够为我们掌握事物之间的多维度、多层面内在关系奠定坚实的基础。第四,展望大数据分析方法的应用前景:据驱动型研究范式的优缺点并存,因此需要结合语境主义多元方法论,讨论在何种研究语境下数据范式能发挥其优势的使用规范;大数据分析的语境化认知特征为人工智能突破图灵机模式的局限,模拟人的非理性认知能力和主客交互的意向性能力提供了理论上的可行路径;大数据分析方法对不同学科理论的适应能力和对各个学科之间研究方法的兼容能力,迎合了语境论消解学科之间的僵化壁垒,在研究方法的多样性中建立统一性的方法论诉求。第五,回应大数据分析面临的应用困境,导致“全数据”理想与现实之间的矛盾来源于不受限制的“全数据”概念,我们应当在语境的限定作用中重新理解和定义“全数据”,保留其理想性的同时接受“非全面”的现实;面对相关性的盲目崇拜问题,我们需要正视那些隐藏在相关性结果中超越当前人类科学语境解释范围的因果关系,对大数据的相关性结果保持一种实用和批判的态度。",语境论视域下的大数据分析方法研究,boso,38db3e91fc1d5702a48d1a862d5bcbcd,https://kns.cnki.net/KCMS/detail/detail.aspx?FileName=1020810338.nh&DbName=CMFD202002&DbCode=CMFD,2020
10.27175/d.cnki.gjxcu.2020.000999,何燕珍-38577918,N02;TP18,,深度学习-3oKrt0dC1feI5JuvWmpyyS9t6i8FUKNmZAFMJCxLZ2x5mrFHKVJcb%mmd2FGARNySyn71;认识论-dr%mmd2F1EiPFNI%mmd2Fs83ETO56THpCLd%mmd2Bkmc5Tsrblz17sy4NzCel267mLj2P0abAIHcaTQ;科学方法论-Qexhre6ZcrkIPno6dAOg%mmd2BizlUokOSIgiEdbvi0W9FgjK4UP2A6kkms7zjZpbxZnk;伦理困境-Ce6mS6sq1jN2Ny%mmd2FNZmTVTHTwPgqPbp9yfXHtsCIa469rk3K8s2wCczLIS77IXYcm,,"王耀德;
                          ",江西财经大学,理工A(数学物理力学天地生); 文史哲; 电子技术及信息科学,自然科学理论与方法; 哲学; 自动化技术,"深度学习作为人工智能重点的研究领域之一,是近年来计算机、软件工程等学科中的热点,它与脑科学、数学和生理学等学科相互交叉,促进了各个学科之间的交流与互动。深度学习的快速发展,与巨量和快速处理的大数据科学技术密不可分,在自然语言处理、图像识别、无人驾驶等领域得到应用。所谓深度学习,即通过人工神经网络,对数据进行分类并可视化,从而实现无监督学习。深度学习的本质以人脑神经网络为基础,在构建和模拟人的大脑的过程中,以数据的输入和输出为基础,并让数据实现从低级到高级的特征提取,计算机在数据层层递进的过程中,逐渐“理解”和“学习”数据并获得相应的知识信息,即深度学习是一种通过组合低层次的特征形成更加抽象的高层次表示过程,进而实现最佳特征学习的目标。通过分析国内外文献,可以发现国外关于深度学习的哲学研究可追溯至上个世纪50年代人工智能哲学研究,深度学习是机器学习的进一步发展;国内关于深度学习的研究从计算机领域本身扩展到哲学社会科学领域,主要集中于人工智能的哲学研究、深度学习与人类智能的对比分析等等,研究角度包括认识论和方法论等等,这些方面的研究方兴未艾。因此,本文尝试从科学哲学的角度,分别从认识论、科学方法论和伦理学三个方面对深度学习进行相关探讨。本文对学习、深度学习的概念及其演化进行了梳理,在把深度学习模型分为有监督的深度学习模型、无监督的深度学习模型和混合的深度学习模型的基础上,分别从以下角度进行了考察:（1）认识论的角度。以马克思主义认识论为基础,对深度学习的认识主体、认识客体和认识工具进行了分析,认为,深度学习虽然扩大了认识客体的范围和数量并使认识客体以虚拟化的形式出现,但它不能使机器取代人类成为新的认识主体,而只是放大并延伸了人类的认识功能,成为人类认识世界的重要工具。深度学习使“数据”成为知识的主要来源,并使言传性知识的地位得以提高,但目前看来,计算机的“数据”与数据处理与人的意识活动有很大区别。（2）对深度学习的科学方法论的探讨。认为,深度学习使归纳推理、演绎推理和系统分析等科学方法有了新的内容和特殊表现形式。（3）深度学习的伦理学反思。对深度学习与大数据处理可能带来的侵犯隐私、数据异化、就业安全和生理伦理等方面的问题进行了梳理、考察和分析,提出“以人为本”才能有效应对这些方面的问题。",深度学习的科学哲学研究,boso,65e09a632917543a81bd48305633ca2c,https://kns.cnki.net/KCMS/detail/detail.aspx?FileName=1020762212.nh&DbName=CMFD202002&DbCode=CMFD,2020
10.27064/d.cnki.ghasu.2020.001154,李岩-07005942,N02,,普里戈金-FKFQeL3ObsVJjREBDnPjz3%mmd2FRGK6IsyJae1yBdOsx0So8N1I%mmd2BDUrmepuj%mmd2F32fkIac;科学哲学-EMyt7cJ2ZPP5WS%mmd2FoyQvLYV5EkSDrv6GpWVr9W05RBrk4O9tY%mmd2BUGqJBhkll%mmd2FrX5tQ;耗散结构-Aq0qdXDAQDJHRnsATvcWVtQxRX1CHwH1FmRTiNfwUUU8PfJetb0JFtjAINdWAg2w;复杂性科学-pw5%mmd2Bu3FF%mmd2FbXSWtjev0TqhFsWBOvU2qu11qmZQPb83pYjNfwaghDJ4BC6atHhQoLw,,刘程岩-07005979,哈尔滨师范大学,基础科学; 哲学与人文科学,自然科学理论与方法; 哲学,"普里戈金是比利时著名的自然科学家,他的研究领域层次丰富,涉及广泛,内容复杂。又不局限于科学领域,还包涵哲学领域、人文领域、社会领域等。他的许多思想为诸多学科领域提供了新的研究路径,这些研究充满了对现代社会、科学、人文等哲学反思。他的思想在当今科学社会发展进程中仍产生深远影响。普里戈金科学哲学思想内涵丰富。论文从普里戈金科学哲学思想产生背景、内容、贡献、意义展开研究。共分为四章内容,第一章是绪论部分。首先阐述论文研究问题提出的依据。其次梳理论文研究的相关文献,包括普里戈金思想形成背景相关文献和普利戈金科学哲学思想相关文献;最后阐述论文的研究目的、意义,概括总结论文的研究方法与创新之处。第二章是普里戈金科学哲学的形成背景。良好的教育的成长背景和以相对论和量子力学为基石的科学繁荣发展的时代背景,包括卡尔·波普尔关于非决定论、柏格森绵延的生命时间哲学、布鲁塞尔学派的哲学思想理论对普里戈金科学哲学思想的形成奠定基础。第三章是普里戈金科学哲学思想主要内容。首先对普里戈金科学动力学思想研究,从耗散结构论出发阐述科学发展的各种内在机制与作用,论述科学是一个复杂的自组织系统,“随机涨落”在进化中起到越来越重要的作用,有时甚至起到支配作用。涨落促进科学发展进化,同时也伴随巨大危机;其次是普里戈金时空观与概率论。普里戈金肯定时间再发现的意义。他将时间引入物理学,得出时间不可逆,并提出时间之矢的概念。他认为时间不是一种错觉,是真实存在,且先于存在。最后探索复杂系统和复杂性科学,为研究复杂系统提供新的思维与研究方法论。第四章是普里戈金科学哲学思想的贡献与意义。普里戈金科学哲学思想影响自然科学发展方向,丰富自然科学内容;为社会科学提供方法论,加快社会科学的自然科学化,促进自然科学和社会科学共同发展。普里戈金的科学哲学思想不仅从自然观、科学观、方法论方面促进科学哲学的发展,还从“不确定”、“复杂性”、“开放性”方面对后现代主义的辩证发展具有重要意义。",普里戈金的科学哲学思想研究,boso,ac7cef7a17ec5c50a7eb5646cf5d102f,https://kns.cnki.net/KCMS/detail/detail.aspx?FileName=1020312286.nh&DbName=CMFD202002&DbCode=CMFD,2020
10.27284/d.cnki.gsxiu.2020.000748,许旭峰-42098090,N02,,易学自然观-FUQJlxGL7hXTFKAsLJYZqfUumgYkrrnYKpsXA0MhaG311fZ5hVDJEHKYehq5BN7G;技术伦理-fCBB9bdFe%mmd2FzAikIOpLn4XtTsy15Wm4LgqrMzlYuXdxzMpoZCTJL1bOcE7kP3nfq5;儒学-erNbWgyFJTEYykPQJW4NMTYeovFlDzk4boz5nqWjHNtKcMAgkwqkrA==,,"辛翀;
                          ",山西大学,基础科学; 哲学与人文科学,自然科学理论与方法; 哲学,"16世纪哥白尼“日心说”拉开近代科学革命序幕,始于斯而不止于斯,如燎原之火,由天文学领域迅速蔓延开来,物理学化学等学科相继掀起革命热潮。人性解放的诉求与技术带来的强大生产力一拍即合,由之引发的产业革命一次次改变人类生活方式,进而影响到整个人类历史格局。经过近五个世纪诸多科学家之不懈探索,如今科学已近乎成为真理之代名词,技术成为力量之表征,其于人类文明之贡献人所有目共睹。然阴阳相随,利弊并存,技术作为双刃剑之特性也日益暴露,求力意志主导下人类地位极大提升,却也打破原有之生态平衡,气候异常变化,台风海啸等自然灾害频发,最终受害者亦是人类自身。故而如何协调人与自然之关系已成科学技术发展不可回避之课题。在人类找到第二个宜居星球以及掌握相关移居技术之前,地球自然环境始终是人类赖以生存之必要物质条件,基于此,科学社会学与技术伦理学顺势兴起,科学、技术与社会（STS）日益成为科学哲学界热点研究话题。然其延续主客相分之思维模式,未曾触及人之自然属性,乃至人与自然之内在联系,故未能真正解决当前人与自然之矛盾冲突。当今西方哲学正以跨学科、跨文化之大哲学姿态向前发展。在科学哲学领域,由库恩所开创之社会历史学派选择以科学史而非科学逻辑、命题分析作为研究基础便是对这一发展路向之回应。《周易》作为中国现存最古老之一部典籍,乃中国传统哲学思想之源头活水。虽为卜筮之用,然其内蕴丰富自然观思想,以“效天法地以成人”之思维模式奠定中国“天人合一”之思想基础。其所谓“天”非为上帝等有意识之存在,乃客观之外在自然。故而天人合一便是以实现人与自然之和谐共处为最高价值追求。孔子秉承这一理念,合天道而顺人性,发展出以仁为主之修身治国学说。其弟子后人将孔子生前言行辑录而编为《论语》,乃其毕生思想之结晶荟萃。同时亦是对《周易》推天理以明人事之人文发挥。易学自然观以自然为体,人文为用,易儒互动以探究人之自然属性,探究天人合一,人与自然和谐相处之可能与必然性。本文正文分为四章:第一章对易学自然观之特征内涵进行概述,认为其虽为卜筮之书,但内蕴丰富自然观思想,对人与自然关系有诸多探讨及借鉴之处;第二章在第一章之基础上对易学中最重要观念阴阳、五行中所蕴之自然观内涵加以探讨,对第一章内容进行理解补充。第三章通过“言象意合一”之隐喻方法介入《论语·公冶长》篇,从“言”与“象”两个层次探究儒学中道与德之内涵,探究论语中之人文内涵,展现儒家人文学说如何推天理以明人事。第四章回到主旨,结合前文研究吸取易学自然观“体用一元”、“天人合一”之思维模式,对当今社会所面临之技术伦理问题进行思考,试图建立以实现人与自然和谐相处为目的之天人合一的技术伦理观。",易学自然观视域下《论语·公冶长》之内在逻辑探究,boso,f9c89107329355b3bdd633a159ec2621,https://kns.cnki.net/KCMS/detail/detail.aspx?FileName=1020811102.nh&DbName=CMFD202002&DbCode=CMFD,2020
10.27064/d.cnki.ghasu.2020.001271,姜天宇-46026011,N02,,科学技术哲学-0WqjdJJFJcTOQWnkYsYQoFiDaLws7oeHWBN6SYxgoi%mmd2FiTsUy74aH21HHZiD535gkh9W5v02nBto=;生态风险、规避措施-fVD5FaFLDdPmKow3hwyEBbXReSxp0YdCuArw39ZGLpzMys2B%mmd2BLmUZog1zsHN9aEL%mmd2BBjJR2hiuxJVIu82MIDdCQ==,,刘程岩-07005979,哈尔滨师范大学,基础科学; 哲学与人文科学,自然科学理论与方法; 哲学,"科学技术作为第一生产力,伴随科学技术快速发展的同时也推动了社会的进步和人们的生产生活质量的提升。但是,随着人们应用科技推动生产和生活发展的同时,也对生态环境造成一定的风险追加,如何看待科学技术应用和生态风险关系,采用科学技术哲学视角探析生态风险及相关规避措施,具有研究的现实紧迫性和理论价值。论文以科学技术哲学视域下的生态风险及相关规避措施研究为题,通过分析科学技术哲学视域下生态风险存在原因及规避措施,希望通过研究能够为科学技术应用和生态风险规避提供相关有价值的参考建议。论文分为五个部分进行分析。第一部分绪论,通过对研究科学技术哲学视域下生态风险及相关规避措施的研究意义及价值分析,结合国内外的相关文献参考,提出论文的研究方法是文献参考法、比较分析法、归纳总结法;第二部分,科学技术哲学视域下生态风险的表现形式,从科学技术哲学成果应用下的风险问题及科学技术哲学应用所带来的风险问题两个方面展开论述。第三部分,科学技术哲学视域下生态风险出现的原因,从科学技术自身层面、文化层面、社会层面分析各方面原因。第四部分,科学技术哲学视域下生态风险的规避措施,从重视以科学技术转向推动人文转向、推动科学技术生态风险意识的培养、依托科技发展推动生态风险规避机制的构建三个方面分析论述。第五部分,结论,对于科学技术哲学下的生态风险及规避措施进行分析阐述,归纳总结全文。总之,通过对于科学技术哲学视域下生态风险及相关规避措施研究,能够为科学技术应用和生态风险规避提供相关参考建议。同时,通过论文研究,也能够为科学技术应用对其它风险预防提供具有建设性的发展建议。通过论文研究增强笔者对于科学技术哲学理论知识与实践应用能力的认识,加强专业知识学习和理论素养的培育。",科学技术哲学视域下生态风险及相关规避措施研究,boso,b5040d7bc62657e98e314d7f6589a8a8,https://kns.cnki.net/KCMS/detail/detail.aspx?FileName=1020312322.nh&DbName=CMFD202002&DbCode=CMFD,2020
10.27064/d.cnki.ghasu.2020.000541,秦丹茜-41605079,N09,,古希腊科学-l05GlmnaM1LWgidSrrb4t6YSbuVLrPzmlRAHaN9AJ9TGRLxEM4%mmd2Bx16ly%mmd2BO%mmd2FOquO0;理性科学精神-dNW7L%mmd2BJEKiC70JKY9zMnKMQGKrzTovdBIJkAWSgzrHggBEZsO5xs%mmd2B0ih8tlsGfrAv5fThWCAzRQ=;科学共同体-jddhXS3lbwAYOMj%mmd2BG4E34xkvfaUYw%mmd2FTEtOKwI3aKnSJx%mmd2BDhpt7WtUft9%mmd2BLje5F8f,,白夜昕-07016168,哈尔滨师范大学,基础科学,自然科学理论与方法,"创造古代科学奇迹的古希腊科学,在经过几个世纪的发展与繁荣之后便长期的衰落了。古希腊科学不仅为近代科学的产生提供了理论基础,更重要的是古希腊的科学精神对后世的影响一直延伸到如今。这就不得不引起我们的思考与反思,为何曾经创造出宝贵的理性科学精神和伟大的科学技术成果的古希腊科学,会在短时间的高度繁荣之后便没有再持续的发展进步下去。本文就这个疑问追根溯源,尝试分析影响古希腊科学发展进程的多方面因素以及其衰落的重要原因。本文首先在第一章阐明论文研究的目的与意义、使用的研究方法和视角以及研究的主要内容与创新之处,并通过对历史文献的详细梳理,较完整的叙述了古希腊科学从产生到发展再到衰落的全过程。从第二章开始,论文围绕政治环境、宗教诞生、个人及科学团体等几个主要方面对科学发展所产生的重要影响和作用进行思考和分析。论文第二章,通过对希腊古典时期的城邦制度和罗马时期的帝国制度的对比分析发现,民主的城邦制度为古希腊科学的诞生和发展提供了良好的政治基础,同时为学者创造了宽松和自由的学术环境,促进了古希腊科学的发展;而罗马时期的帝国专制制度则迫使学者们丧失自由宽松的研究环境和条件,从而在很大程度上扼制了古希腊科学的发展。论文第三章以宗教之基督教的产生和兴起为背景,分析了基督教在产生之初对科学事业造成的破坏性影响,是导致希腊科学的发展受到严重打击的重要因素。论文第四章,重点研究早期希腊的哲学家、科学家以及学术共同体在古希腊科学的发展进程中所扮演的角色以及起到的关键作用,发现杰出人物在特定的时期、特定的社会地位会使其做出错误的研究结论和成果从而形成错误的科学发展导向;科学发展中的学术共同体会因社会环境的改变而萎缩直至消亡,以上都是加快古希腊科学衰落的重要原因。论文最后在第五章阐释了古希腊科学的衰落带给我们的启示与现代反思,并得出结论:自科学诞生以来,希腊理性的科学精神一直是科学发展的源动力;技术的发展需要紧密依靠科学理论的;对于当代中国来说应在弘扬希腊理性科学精神的基础上,立足本土的民族精神重构具有中国特色的科学发展新气象。",古希腊科学衰落的原因探究,boso,d45fb8a112325fd7839a48b7f8854345,https://kns.cnki.net/KCMS/detail/detail.aspx?FileName=1020312340.nh&DbName=CMFD202002&DbCode=CMFD,2020
10.27284/d.cnki.gsxiu.2020.000760,孟丽媛-45038334,N02,,弦论-LZvdTXMN%mmd2BeLlQWzc%mmd2BIMjvMsExzumDORHKY%mmd2F3Q6uAmHlMBJQoQzxb7w==;范式-%mmd2BZGiRKLSzx0HaTvaxq7PsafcFlqzxKrNGeWD9z7SjgaafwHMU%mmd2B8FJA==;共同体-PwCIOGfVde2rHzE1sFRQKEz5k7vih216cOtCjYJCfUxT2kGEL%mmd2BSrxpRJ4bFKqgat;科学评价标准-mtfUHnY7gLmcgnau28mKF99F9u%mmd2F3xlMvP8iB89fhdR8zCDkaAy0APwLAjUiwt1%mmd2B1F6MfRIRdMNY=;超验科学-9BG5tHXgWwxI9otk7ZVYckdUt%mmd2BvwIKhItPmgeG6zSWwa75TswNy0qAt7EwJTN8AH,,"张培富;
                          ",山西大学,基础科学; 哲学与人文科学,自然科学理论与方法; 哲学,"弦论作为当代基础物理学的重要分支理论,不仅调和了广义相对论与量子力学的矛盾,还在原则上提供了一个能够统一自然界所有物质及其相互作用的理论框架。然而,尽管物理学家已经投入了大量精力,着力研究四十余年,弦论依然没有得到经验上的确认,也没有发展成为完备的形式。基于目前这一现状,学界对于弦论的科学地位处于激烈的争论之中。一方面,弦论的支持者们对这一理论有着无比强烈的自信,认为弦论就是物理学家们所追求的终极大统一理论。另一方面,弦论的批判者们却质疑弦论作为科学理论的可靠性,他们认为对科学的信仰必须基于经验性的客观观察,由此将弦论拒斥于科学知识之外。本文通过详细考察这场争论的内涵,试图引用范式理论的概念来对这场争论进行解读,并指出范式的主要分歧并不发生在具体的理论概念的层面,而是发生在对科学理论的界定和评价概念这一更加基本的层面上。论文各章的主要内容为:第一章主要从科学史的角度论述了弦论的发展过程及当代高能物理学领域的发展现状。同时,通过分析双方争论的核心问题及关键人物的观点,引入库恩的范式理论来对争议的本质进行解读,指出弦论的提出和发展预设了一种新的科学评价范式,而这一范式在某些方面已经背离了传统科学评价范式。第二章则重点分析了弦论所体现的这种新的科学评价范式的形成基础及主要内涵。由于当前理论所具有的新特征,传统科学评价范式表现出了极大的局限性,由此导致了弦论评价范式的兴起。与传统科学评价范式相比,弦论评价范式对于科学理论的界定标准发生了很大的改变,而这也构成了弦论范式的主要内涵。此外,由于两种范式之间存在着不可通约性,继而导致了两种范式的对立与冲突。第三章从整体上对弦论的科学评价争论进行了哲学反思。首先,指出了这场争论本身也是一场有关科学的定义之争,因此需要重新思考当代科学的发展模式。其次,对弦论评价范式的未来发展进行了思考,并提出范式转换的基础在于它未来解题能力的显现以及弦论共同体对它的探索与改进。最后一章是结语部分,这部分是在总结全文的基础之上提出的。当前,我们似乎正处于一场科学革命的前夕,而这场科学变革必将与哲学的变革同时到来。",范式视角下弦论的科学评价争论研究,boso,019cc1225c905144835ecd7044dd98f6,https://kns.cnki.net/KCMS/detail/detail.aspx?FileName=1020626279.nh&DbName=CMFD202002&DbCode=CMFD,2020
10.27284/d.cnki.gsxiu.2020.000337,刘畅-08408592,N01,,严复-CeI77FKTEEB%mmd2FAwxaOrwUONzrFhbOLvJ8VxBjbo02Ax%mmd2FSrmN1xpLugg==;科学-GRINiovNnalp4QYvWs%mmd2FiYLoxB5xpisFgxU5xAZxrf0%mmd2BBjt9mhnEisQ==;现代学术观-dUo2jasiWYohRCpQZhCr2CT7c%mmd2Fw%mmd2BU31ZX0nLGM%mmd2BuoiIiBMSseE9aNQqFVQ6aHbUO,,"赵云波;
                          ",山西大学,基础科学,自然科学理论与方法,"晚清民国,中国学术面临着“数千年未有之大变局”,中国学术应当如何转型成为了当时亟需解决的问题。随着西方科学的传入,在西学与中学的冲突交融中,部分学者开始意识到中国学术的转型需要借助现代西方学术影响,更为确切地说,中国学术的转型需要借助科学的力量。而身处中国现代学术发端的严复,正是这批学者中的典型代表。严复通过早年的学习形成了深厚的传统中学功底和对西方科学的系统认识。而这使得他对于彼时中国学术应当如何转型问题的认识具有着兼具中西的特点,并在此基础上形成了知识体系、学术体制、学术方法和学术精神三个层次的关于科学与中国学术转型的见解,较之于同时代的人,具有着一定超前性。本文基于严复相关著述中有关中国学术转型内容的整理,对于其三个层次的见解结合以中西学术的特征进行了分析,以便形成关于严复现代学术观的系统认识。进而由此考察科学在中国学术转型过程中具体发挥了怎样的作用。论文具体分为以下五个章节:第一章,论述严复所处时代背景与其教育背景。在对于严复所处时代背景进行掌握的前提下,着重梳理严复早年中学与西学的学习经历,考察其兼具中西的思想的形成过程,为探究分析严复关于中国学术转型的三个层次的见解提供了思想背景。第二章,以“学术（academic）”词义演变为切入点,对于中西学术各自的发展脉络进行简要梳理。通过这种梳理,一方面对于西方学术与科学的关系,特别是现代西方学术的产生与科学的关系进行了整体把握;另一方面对于传统中学的特征形成了系统认识。此项工作为理解把握三个层次见解中严复关于中西学术的认识提供了学术史基础。第三章,在对现代西方学术与传统中学知识体系进行分析的基础上,考察严复在“知识体系”层面对于中国学术转型的认识与建议。此章通过对于严复在“知识体系”这一层面的关于中国学术转型的认识与建议的考察,进而探求科学在“知识体系”这一层面对于中国学术转型的作用。第四章,基于有关传统中学“政学不分”的认识,分析严复在“学术体制”这一层面所形成的关于中国学术转型“破旧”、“立新”两方面的认识。此章在对传统中学“政学不分”特征进行分析的基础上,系统把握严复“破旧”、“立新”的认识,从而探求在“学术体制”层面上科学对于中国学术转型的作用。第五章,在对现代西方学术与传统中学两者学术方法和学术精神进行简要分析的基础上,把握严复在“学术方法与学术精神”层面对于中国学术转型的认识与建议,从而探求科学在“学术方法与学术精神”层面上对于中国学术转型的作用。",科学视阈中严复现代学术观研究,boso,0ed8620d0b0f54f4a376b8ccc6f4acb6,https://kns.cnki.net/KCMS/detail/detail.aspx?FileName=1020626222.nh&DbName=CMFD202002&DbCode=CMFD,2020
10.27151/d.cnki.ghnlu.2020.002921,齐康-40025206,N02,,技术人工物-xho0y4PGTQcc9Ch%mmd2BSFsmIacev48R8JgYCScjP7eVN2B5GYihtu5d6PHV5SxoRLUC;存在-HnPYelhgkwVZPQcpopCrKoGIU3m8XCPS4RMtrygRHPr6%mmd2FH0kYuC4nQ==;形而上学-vmvYpLqN5yFE30KeDN42rgETrkcXXTDxXyzsimD1eZepGY8lmZAzNWY7MgrpSIDz;意向-3XGkSpQqmrTWzQcXgE%mmd2B8T%mmd2BCQ4v3jcgChP3%mmd2F7ReMRyQlQa7xlAzGF6Q==,,吴国林-07565070,华南理工大学,理工A(数学物理力学天地生),自然科学理论与方法,"在如今的技术时代,技术人工物遍布在人类生活的各个角落,技术人工物作为技术的果实满足和丰富了人类的现实生活。在这个技术高度发展的背景下,人类对于自然物与技术人工物在现实世界的感知已逐渐模糊,但对技术的哲学讨论更多的是关注技术带给人类的价值方面的研讨,而缺少对技术人工物“内向型”的研究与讨论。由于自亚里士多德区分了制作物与自然物之后的形而上学中就未把技术人工物作为哲学研究的主题,大多数传统形而上学哲学家质疑技术的进步,把技术放在低于科学的位置上。对于技术人工物的忽视和技术人工物所面临的形而上学一些问题导致了技术人工物未能在形而上学中树立类似于自然物那样存在的位置。自然物是存在的,这在形而上学和本体论来说是很少有人去质疑的,但对于技术人工物而言,形而上学家们往往否定其存在的意义。就是因为未能解决其面临的困境与难题。本文先界定了技术人工物的概念并检视了哲学家的反对技术人工物在形而上学中存在的观点,阐述了解决该问题的必要性是对技术哲学以及对形而上学都具有重要意义。对技术人工物存在的辩护就是先是从反对和质疑的观点入手,分析技术人工物在形而上学中的地位与所面临的问题,后是与自然物的存在做出对比,比较技术人工物与自然物的差同,得出技术人工物的存在辩护应从三个方面入手:对技术人工物实在性的分析、技术人工物同一性问题的解答和技术人工物意向依赖问题的解答。首先是对技术人工物进行实在性的分析,从技术人工物的系统模型出发技术人工物的实在是要素实在、功能实在与结构实在的统一,技术人工物的实在性分析还需进一步的解决技术人工物的同一性问题与意向依赖问题。技术人工物的同一性问题从特修斯之船的问题引出,分为两个部分来进行讨论,对同一性问题的解答借用了林恩·鲁德尔·贝克（Lynne Rudder Baker）的构成理念、乔纳森·洛伊（E·Jonathan Lowe）的工程学法则约束观和吴国林所提出的同一性标准三种观点后,为技术人工物同一性的传递问题与同一性的原则约束问题寻找到解答进路。技术人工物的意向依赖问题也做出两个部分的分析,对意向依赖问题的解答借用了克劳福德·埃尔德（Crawford Elder）复制的观点、埃米尔·托马森（Amie L.Thomasson）的关于存在的形式标准和吴国林的系统模型的观点,并提出意向性是技术人工物的必要不充分条件和意向作为技术人工物的组成部分并不会影响其存在。本文所谈论的是相较于自然物的存在,技术人工物所面临的难题,难题导致了部分哲学家对技术人工物存在意义的怀疑及否定,本文从技术人工物所面临的难题与困境入手,通过对技术人工物存在问题的辩护,推进对技术人工物本体论上的研究,从而得出技术人工物具有与自然物等同的形而上学地位。",论技术人工物的存在,boso,b7807a4e4fa65920a3926338b3d9b80e,https://kns.cnki.net/KCMS/detail/detail.aspx?FileName=1020333666.nh&DbName=CMFDTEMP&DbCode=CMFD,2020
10.27284/d.cnki.gsxiu.2020.000429,高逸宁-45038342,N01,,杨振宁-2gT2XWNG%mmd2FYAWzC%mmd2FT8WpRqsHqrkir0UJORlncjOKDQRTokzoFfKvgi9s3fMF9NjGG;科技强国-AtPwntY3vO%mmd2BbCf3pW4x8j%mmd2FEaIxt%mmd2Ff42OYrX6s5ghZhjdR9AVe4XfoBd3FjZG95Gw;支撑条件-e%mmd2BwCLLtbrJ5XM7avHbWSfsagFnW3voj15QnJBMG8%mmd2BNzGF5cB%mmd2BYNGdcxN6uy1XNex;战略思想-jHcWHoxhIePEmYNNP3zz6WlY1D44UgsjVbZM6zSm4XAL13qmgBaBkDROueVPfBtW,,"赵云波;
                          ",山西大学,理工A(数学物理力学天地生),自然科学理论与方法,"中国科技崛起必须有与之相适应的社会文化条件作为支撑。杨振宁是20世纪物理学伟人,对世界科技贡献巨大,同时,他还关心中国科技事业,提出发展科技所必须满足的四项基本条件:人才、传统、开放交流以及经济。那么,为什么杨振宁认为这四个方面至关重要?具体内容是什么?内在逻辑是什么?基于以上问题,论文主体共分为以下五个章节:第一章分为杨振宁的成长背景和他的科研经历两个部分。第一部分写他从开始接受教育起一直到他取得博士学位这一段时期里所接受的教育、学到的知识、获取的信息等;第二部分写他开始科研工作后取得的成果、结识的科学家、任教的经历等。杨振宁的这些人生经历中的每个重要阶段,都对他形成关于支撑中国科技发展所必需的社会文化条件的科技战略思想有一定的影响。第二章从杨振宁所认为的一流科技人才的标准出发,对杨振宁眼中的一流科技人才的特质进行总结,引出中国发展需要什么样的包括科学家在内的人才。然后论证科技人才的培养要适应时代要求。第三章首先梳理了杨振宁在不同场合多次谈到过的:要辩证地看待中国传统文化对科技发展的影响。紧接着指出杨振宁自身受到的中国传统文化的深刻影响。第二部分论述在杨振宁眼中科学传统的重要性,最后概述在他看来要如何建设科学传统。第四章由科学家之间需要开放交流、各学科间需要开放交流、国家与国家之间也需要开放交流来例证科技发展离不开开放交流。继而强调中国科技应该积极融入世界,杨振宁对此很是关心,并且作为中美破冰后第一位访问新中国的美籍华裔知名科学家,他在中国科技与西方科技交流的进程中起到了重要的桥梁作用。第五章首先论述在杨振宁看来,科技与经济是紧密交织、互为支撑的关系。然后梳理杨振宁对于经济发展起来之后,科技发展中的资金分配这一问题的深刻见解与建议。",杨振宁论支撑科技发展的社会文化条件,boso,ed6b14c7ed7457c5a097d8d47d4f702a,https://kns.cnki.net/KCMS/detail/detail.aspx?FileName=1020627038.nh&DbName=CMFD202002&DbCode=CMFD,2020
10.27151/d.cnki.ghnlu.2020.001562,张洋-25254186,N02;TP391.1,,中文屋论证-cyGmv1aOlb%mmd2FFwzo1REDqfz0ffAREll3FhZlTGZ7ebx6o%mmd2BSIQAYleWN5adOGPW5HU;符号奠基问题-95uhnlYO4TMx83o2KK%mmd2BcmrfkdOT6%mmd2FHpizc4hgisuDklCFQ3YUcmyEzAlXR3T1MdRitKN6hzA%mmd2B8w=;零语义承诺条件-zPojYxHJBEB%mmd2F9v66p%mmd2FGYGt1Pf1IDOb5HK2uxb2JjERu8DMDFLjoJsk2LowaZ81ysppd%mmd2FarqpSoc=;指称的因果理论-cARTwjOqt2Xp86PaYGFnNIEEruwh7N3Ujpvw3qKowuMn3%mmd2Bl7qm4%mmd2B8bIunY5e02lz85ptjrtB3a8=;错误表征-%mmd2Bt8Z2yZSJeZ4OfFUlR71J%mmd2B1vzGnlh%mmd2Fpv2qMcxZg6sEdHInaQbNkrBdYSIhmmAYMm,,周燕-07562663,华南理工大学,基础科学; 哲学与人文科学; 信息科技,自然科学理论与方法; 哲学; 计算机软件及计算机应用,"塞尔的“中文屋论证”,是针对认知计算主义和功能主义的一个经典诘难,它的核心论断是句法对于语义和理解的不充分性。然而在哈纳德看来,应对理解问题的关键只在于要设法令符号具有意义,即建立起与外部世界的关联。于是,他专门提出了一个聚焦于如何建立这种关联的问题框架——符号奠基问题。符号奠基问题大体可以表述为:如何在不于依赖外部观察者的前提下,使智能体可以仅凭自身的机制赋予符号以语义的内容。随着后续解决方案的接连失败,该问题的框架也在反思中得到了不断完善,其中就包括“零语义承诺条件”和“错误表征条件”的加入。本文将重构从中文屋论证、符号奠基问题的提出,再到引入错误表征条件的思想脉络,并在经过分析后指出,上述两种条件在理论上存在着一定的不可调和性。文章的内容大体如下:绪论部分会交代本课题的研究背景,以及介绍符号奠基问题的国内外研究现状。第二章以丹普尔的分析为基础,进一步展开了中文屋论证的逻辑形式,并结合哈纳德的观点阐明了系统应答的局限性,最后根据哈纳德支持机器人应答的论证,重新塑造了他所设想的“理解”的结构。第三章从符号奠基问题的提出开始,分析了哈纳德方案中的不足,而其中最为关键的,是它难以兼顾对概念[内涵与外延]的确定和满足零语义承诺条件的要求;不过,尽管塔迪奥和弗洛里迪严格遵守了后者的约束,他们的方案也仍存在着多方面的缺陷,因此我们有理由怀疑零语义承诺条件设置的合理性。为了更深入地发掘这个论题,第四章会引入指称的因果理论以及符号学的理论资源。按照“表现体”的分类,我们对各个方案中的表征进行了比较与分析,从另一个角度说明了额外的信息来源对于高层次表征的必要性。而指称的因果理论则与符号奠基问题的整体形式类似,因此它们都同样会面临着错误表征问题的困扰。我们尝试以一种非意向立场的方式提出并分析了解决错误表征问题的两种可能的进路。然而它们最终都难免会导向对某种外在论语义的需求,所以笔者认为,严格的零语义承诺条件和错误表征条件之间是不相容的,我们应当适当放宽前者对于符号奠基问题的限制。",从“中文屋论证”到“符号奠基问题”的哲学解析,boso,a6c8c463e00a590e8ca656be7227aeda,https://kns.cnki.net/KCMS/detail/detail.aspx?FileName=1020331936.nh&DbName=CMFDTEMP&DbCode=CMFD,2020
10.27149/d.cnki.ghdsu.2020.000891,何启敏-45436086,N02,,人际信任-VeU7ZOGCoGeCJa7NRXmo%mmd2F5MTY%mmd2BTg1dhM3hOR2Tu1rV%mmd2BBNAmM7hrvOGTgwQ9b9%mmd2F4v;制度信任-4UkB5uYGC9rM7lZN3I3DvyBH9ary04JwoEqfVthKaTqwNYeCx8YxfUmlBNqo9CYH;区块链信任-9tzIsR7LVgVSVzvI2RW8%mmd2F5psjLUfEGEagyohEh8iF3kwPOUbHT9ap%mmd2FzJvX5IdZQw;信任演化-ZU5QU%mmd2BX1VEBlA6bvjDcL2XytU9FxM5YQFEsgCLOyIW2vQ%mmd2BAcsprCLdG6QMUvENUl;复杂性-pw5%mmd2Bu3FF%mmd2FbUvKhV6W68aQOXpdjx35DtC33mbu6rTRKg9PQauWdIn71H5u7JGfK63;控制-EhzbHvZHW0FOrrRXQGeVf6kF5D0Q2KSdXFLfcvcP7hsE7FQpNsYoUg==,,"郦全民;
                          ",华东师范大学,理工A(数学物理力学天地生),自然科学理论与方法,"对于“信任演化”这一现象,前人已经从心理学、社会学等角度研究现象本身、原因及其结果。然而,人际信任到制度信任、再到区块链信任,这个演化过程是非线性的、复杂的。因此,仅仅从哲学、社会学等视角研究是不够的,还有有必要从复杂性视角重新诠释信任演化及其衍生问题,这样有利于同时把握信任自然和社会两重性,能够更加精确地认识信任演化的条件、机制和方向,并且能够更加全面地理解和回应信任危机、取代和控制问题。本文主要是基于复杂性视角探讨信任演化的特征、条件、机制和方向四个方面,并且分析信任演化引发的信任危机、取代和控制三大问题。通过这些探究和分析,本文得出结论认为,信任演化具有开放、动态、随机和非线性等复杂性特征。此外,信任演化在不同方面具有不同的特征:结构逐渐稳固;功能逐渐强化;工具价值强化,而情感价值呈弱化趋势。此外,信任演化并不是毫无规律的,它需要满足开放性、远离平衡、非线性和协同四个条件,由耗散/涨落、反馈和突现四大机制主导。在方向上,信任演化主要涉及时间和进退化两个维度。在时间上,信任演化不可逆,而且也无法预测。然而,信任演化到底一种进化还是退化,取决于所参考的标准。评判标准不同,得出的结论也不一样。对于信任演化引发的信任危机,本文认为它并不是一种偶然现象,而是一种必然现象,它过去发生,未来还会继续出现。信任危机也并不只是产生消极影响,它也有积极的作用。关于信任的取代问题,从历史规律、双重价值和系统稳定性三个角度可以判定,人际信任、制度信任和区块链信任三者并不相互取代,而是处于共存状态。能控性表明难以对信任演化进行宏观、全局性的控制,但是可以通过保持信任系统处于开放状态,并在信任反馈环节加入人为因素,从而能在微观层次对信任的结构进行改动以影响其演化。",复杂性视野下信任演化的探究,boso,99f4f0d28dee5f348ebed1d17005a447,https://kns.cnki.net/KCMS/detail/detail.aspx?FileName=1020637020.nh&DbName=CMFD202002&DbCode=CMFD,2020
10.27149/d.cnki.ghdsu.2020.001093,杨广明-42217541,N031,,黑格尔-pm6T7Hscbuilu1m8dzQaP6frn%mmd2F8WRavtEtvokhYVd3vEoZFNUgQsrqz%mmd2F%mmd2FVxvgVI0;自然观-YtXzA2zJiJfGCF%mmd2Bcoua5lImkCyx7TvEeXtUUxQnNcVcxBAkZYOJhHJESmt6v9cPG;生态哲学-tHxLMDhjSIOpvE%mmd2FzqLjW1sPZSXr3aeOr2vhtpvDvNPr9lallIrCOKhBUECbbTfFi;马克思-kbVRNLK54rHE0qRWtc8jAJfENRQux2hmfWJUJBsi3hevMzlVkglkNIHkoICmnjsY;恩格斯-8W3d%mmd2BXx7FvDGLDexudtpSuuSpcrCVN%mmd2BM7TTtT6MexnXP00gaR0GyvLGIHV2wLgba,,"郦全民;
                          ",华东师范大学,理工A(数学物理力学天地生),自然科学理论与方法,"黑格尔的自然观以思辨的、唯心的方式考察自然界以及人与自然界的关系,包含很多违背科学事实的错误,国内外对其评价不高。然而,从生态哲学和马克思与恩格斯的思想这两个角度对黑格尔的自然观进行重新解读,能够发现黑格尔的自然观至今依然具有很多值得挖掘的内容。本文以黑格尔的《自然哲学·导论》和《历史哲学·历史的地理基础》为主要文本,结合生态哲学与马克思和恩格斯的相关思想,重新解读黑格尔对“自然界是什么”、“人类如何对待自然界”和“自然界如何影响人类社会”这三个问题的回答。关于“自然界是什么”,黑格尔认为整体的重要性高于部分、部分的属性取决于整体,这与生态哲学对整体与部分关系的认识是一致的。黑格尔论述了用退化观考察自然事物的优势,马克思“人体解剖对于猴体解剖是一把钥匙”的思想继承了黑格尔的退化观。关于“人类如何对待自然界”,黑格尔对外在目的论的批评表现出对人类中心主义的挑战,对内在目的论的认可与生态哲学中的内在价值论相吻合。在看待自然环境遭受破坏这个现象时,黑格尔将原因归结于人的利己欲望,恩格斯在《自然辩证法》中继承了黑格尔的这一看法,并进一步将人的利己欲望具体化为资本主义对利润的追逐。黑格尔坚持人对自然界的认识活动是能动的而不是被动的,这是马克思在《1844年经济学哲学手稿》中的能动思想的重要来源。恩格斯在《反杜林论》中对近代科学考察事物的方式的特点的概括,继承了黑格尔对近代科学的批评。关于“自然界如何影响人类社会”,黑格尔在研究人类社会时没有将自然地理环境排除在外,而是兼顾了人和自然界两个方面,这体现出了生态哲学的历史观;并得出了比孟德斯鸠更符合历史实际的结论,得到了普列汉诺夫的认可。也就是说,黑格尔关于自然界本身以及自然界在人类社会发展中的作用的一些认识与生态哲学存在共识,这体现出黑格尔自然观的生态智慧。马克思和恩格斯的一些认识是对黑格尔自然观的继承,而以往的研究很少关注到这种继承性关系。",黑格尔自然观研究,boso,c0e4c1bbee3a503dbaad59da27931d09,https://kns.cnki.net/KCMS/detail/detail.aspx?FileName=1020637022.nh&DbName=CMFD202002&DbCode=CMFD,2020
10.27155/d.cnki.ghqiu.2020.001191,朱允东-46276133,N02,,why-问题-yu%mmd2BdT%mmd2FxSj3q3gX%mmd2F7AB%mmd2BjpUTbQNaS3L%mmd2FjNdtT2gzJc3FP7J8YGEC6zhpYbBQqwnxs;原因-3KntKcAkQ0X4SJpJ2ig4R7Yxfw%mmd2BYymEHP%mmd2Fe6rCgjwoSKKw4B6E8SPA==;解释-eUCVtqgPp3DBYx%mmd2BZ4IkpLhQqW3cidd%mmd2FxshqcJu3tpoHdmrcjWGT2mA==;协调力-7vjaBFTu54pNvlREL52Qws1U2A9Y%mmd2FPMeZa08VH6lbLBXPLNPOU0O7JR4BSnQ4vxI,,马雷-36205692,华侨大学,理工A(数学物理力学天地生); 文史哲,自然科学理论与方法; 哲学,"Why-问题是科学问题的主要类型之一,科学家提出why-问题是为了寻求现象背后的原因或主体行为的动机。目前,科学哲学界关于why-问题的研究散现于逻辑理论、解释理论、解题理论之中。这些理论之间不仅概念不统一,而且评价的标准也不一致。因此,如何整合不同理论中关于why-问题的研究成果,成为了why-问题理论构建的一个难点。要很好地研究科学中的why-问题,首先要对why-问题本身进行分析。根据逻辑理论和问题学对问题的论述,我们可以分析why-问题的语形、语义、语用以及why-问题的内在结构;依据解题理论对问题的分类方式,可以把why-问题划分为经验、概念、背景三个层次。其次,不同层次的why-问题应以不同的方式去回答。辛提卡、斯图南、坦普尔等人的逻辑理论注意到了why-问题的提出和回答之间存在一定的对应关系,不同形式的why-问题对回答有着不同的要求。亨佩尔的经典解释理论和萨尔蒙、范·弗拉森、内格尔、斯科等人的非经典解释理论基于“解释主要是对why-问题的回答”,从解释项、被解释项、解释者的关系探讨了什么样的答案是why-问题的回答,什么样的回答是好的回答。但解释理论和逻辑理论试图用单一的方式去回答不同层次的why-问题注定是难以成功的。再次,why-问题的答案并不是一成不变的,它随着科学研究的深入不断的被修正。与解释理论不同,劳丹的解题理论认为why-问题的回答并不是解释,而是解答;协调论认为“凡是协调的就是合理的”,并提出了系统的协调力标准,按照协调论的观点,对why-问题的回答只要具有较强的协调力就应该被接纳。最后,提倡按照一定的原则对why-问题及其回答进行统计学研究。我们在日常生活或科学研究中遇到的大多数why-问题,实际上是科学史上已经解决的问题,对why-问题及其回答的统计可以使得我们仅仅通过搜素就可以获得此类why-问题的回答;对于那些未解决的why-问题,我们可以通过对已解决的近似问题的分析更加快捷地寻找到答案。",科学哲学视域中的why-问题研究,boso,f85c8c0051e95cf8903a3affbcebe8a8,https://kns.cnki.net/KCMS/detail/detail.aspx?FileName=1020324608.nh&DbName=CMFD202002&DbCode=CMFD,2020
10.27272/d.cnki.gshdu.2020.003007,张凯博-42378999,N02;B249.6,,戴震-yE%mmd2F3ITYz7%mmd2BsK5u9WfJaonp6%mmd2FGz0gDbT7MiQThQuEzQnQwTGOVBNTFg==;西学东渐-Ta4R7vzRLzq1mZL1j4G0dctLzXj0QblDFQCLi6MZ0DdPJtB%mmd2Bmgj6ZZzyXKx31oFT;考据方法-YfLJ4kZ5vcWZjg3xjb1VROPrJu6JL2yTyIlesDVNsEggAKz0TRzCZig0icJ2Ib8k;公理化方法-nFT0vrhYf%mmd2F15Hj5n6TfwHjHFNEOIH3UGDAtpPomV1%mmd2FZeJZIy7DMo9xE8cptSfCyF,,"马来平;
                          ",山东大学,基础科学; 哲学与人文科学,自然科学理论与方法; 哲学; 哲学,"乾嘉学派的考据方法与西方科学之间的关系问题,从民国梁启超、胡适时就展开了研究。乾嘉时期的戴震作为当时的考据大师,被众多学者作为重点研究对象。戴震处于第一次西学东渐的末期,他的考据方法与西方科学之间的关系,一定程度上可以反映出当时儒学与科学之间的关系。在当下,也具有一定的指导意义。从戴震所著的书目中可以看出,戴震的科学水平在乾嘉时期已经处于前列。并且从他著作中涉及的科学知识以及他和江永之间的关系,可以看出戴震不仅不排斥西方科学,还主动学习西学。戴震的这种科学家身份促使他在进行考据工作时,将自己所学的科学知识运用其中。他在考据时所用的科学知识涉及到了天文学、数学、机械学、地理学、生理学等多个领域,而这些知识大多是在第一次西学东渐时传入中国的。除此之外,戴震更是进一步将自己在研究科学时所用到的演绎归纳法也用到了考据中。戴震在其所运用的归纳法中表现出了对于义例通则这种一般性结论的重视、对于证据材料的重视,并且还表现出了多重归纳的特征。假说的使用则是让戴震对于证据材料有了新的解读,在考据时往往可以注意到前人忽略的地方。戴震更是将演绎法与归纳法结合使用,在考据时先归纳一般性结论,再演绎出去解决问题,再用归纳法进行验证。这一表现与西方的科学方法非常相似。戴震的考据方法与传统考据学中的考据方法有很大不同。他在考据时所使用的科学知识直接地表明了他所受到的西方科学的影响。更深层次地探究时发现,戴震使用归纳法时表现出来的明显的客观性和实证性,以及他所使用的演绎法都在很大程度上是受到了西方科学的影响。可以看出,西方科学对于戴震的影响并不止是知识层面的,已经扩展到了方法上。在进一步研究戴震的《孟子字义疏证》时,发现戴震从考据孔、孟、《六经》出发,进行哲学探讨并进一步构建了哲学体系,直至演绎到了现实批判中去。他将考据训诂与哲学建构完美地融合到了一起,其中使用的方法正是公理化的方法。这一方法与《几何原本》中所表现出来的公理化方法有很强的相似性。虽无直接证据表明,《疏证》受到了《几何原本》的影响。但中国古代并无这种方法,而且戴震应该是看过《几何原本》的。由此,笔者大胆猜测戴震的这种公理化方法也是都到了西方科学的影响。当然,此处还需寻找更加确定的证据。从戴震的考据方法中可以看出,儒学与科学是能够相融合的,并且这种融合不仅限于知识上的使用。另外,从戴震考据方法的研究历程来看,对科学的不同理解会影响我们对二者之间关系的看法。错误的科学观会使得学者们在研究时忽略掉很多地方。这也给了我们一些启示,在今天看似科学发达的时代仍然有必要进一步普及正确的科学观,若要大力弘扬传统文化也应该向群众普及更多的儒家知识。科学与儒学是可以相互融合的,但是在当代如何去进行融合还需要众多专家学者们的努力。",西方科学对戴震考据方法和哲学建构的影响,boso,f3d431392a6257a3bae0d4d0da71f7f2,https://kns.cnki.net/KCMS/detail/detail.aspx?FileName=1020067973.nh&DbName=CMFD202002&DbCode=CMFD,2020
10.27272/d.cnki.gshdu.2020.003719,李鹿鸣-45490743,N91,,博物学知识-9c%mmd2FtoEWaAVFSC9RarJjZ7ErpZlEUe2SbGpbHmYBp5ruoAaX%mmd2BQwO9pEm9hmpyNAlN;自然审美欣赏-qkZ3RiSnq2m76z%mmd2FVDa4hsM3WKLXrQDSyO2FfZFhi9OpGYz3QNFpLxt%mmd2BO%mmd2B5uQBtd4T27RcyVoP7s=;适当性-XwkmcwuJxQngGPboJQUlvLQ7cQYMGn0uFXMongFzM6TbfAViE0%mmd2BFKmuWL6VvJK3f,,"程相占;
                          ",山东大学,基础科学,自然科学理论与方法,"生态危机的加剧和环境保护运动的展开要求人们从各个领域关注生态、环境问题,20世纪60年代的环境美学是对上述要求的回应。环境美学认为不适当的自然审美欣赏对当前的生态危机负有部分责任,为此学者们提出了各种自然审美欣赏模式。这些模式通常可划分为认知和非认知两大阵营,前者以卡尔森的科学认知主义立场为代表,将知识,特别是科学知识作为实现适当的自然审美欣赏的必要条件,后者以伯林特的交融模式为代表,强调情感等非认知要素在自然审美欣赏中的作用。然而两大阵营看似对立,实则相通,它们都是对自然审美欣赏主要特征及其发生机制的理论概括,其目的都是实现适当的自然审美欣赏。除此之外,科学知识始终处于两大阵营的讨论中心。西方科学有自然哲学和博物学两大传统,自然审美欣赏中的科学知识既与现代自然科学有一定交集,又与感知密切相关,而且介于日常知识与专业知识之间,其真正所指是与现代自然科学存在交集的那部分博物学知识,非认知阵营反对的只是以严密的数理逻辑为研究方法的近代科学。就此而言,自然审美欣赏的适当性与博物学知识在自然审美欣赏中的作用是当代西方自然审美欣赏模式的两大核心问题。然而这些学者将博物学知识当作不依赖于主体的、对自然界的客观真实反映,博物学知识介入自然审美欣赏就是将一些静态的信息附着到审美欣赏之上,这种科学观既无法把握博物学知识的性质,也无法真正理解博物学知识在自然审美欣赏中的作用,更无法增进我们对自然审美欣赏的适当性的认识。一种不同于传统的科学观应当分别从个体和社会两个角度把握科学知识,乃至博物学知识。从个体认知的角度看,认知科学提出心智具有亲身性,认为人类的认知是在身体与世界的互动中产生的。神经科学则提出心智具有模块性。心智的模块理论认为人的心智由功能独立但又相互关联的模块组成,这些模块以人脑的生理结构为基础,将认知、情感等活动统一在一起。上述研究成果表明,看似仅由理性思维支配的科学知识与我们的感知体验之间具有根源上的亲缘性。包括博物学知识在内的一切知识都依赖于人类的感知经验,是从人与世界的经验性互动中产生的,在这个过程中,通常被认为专属于审美欣赏的想象、情感、知觉等能力也发挥了重要作用。因此博物学知识并非异质于审美欣赏的存在,它能协调其他审美要素,引导人们实现适当的自然审美欣赏。从社会的角度来看,知识社会学关注与理论知识相对的日常知识,它最初源于个体经验,个体经验先是被制成符号、制度等人类活动的产品,变成了外在于个体的客观事实,而后个体通过内在的理解,将其还原为主观的意义。随着劳动分工越来越精细,科学知识日渐脱离常识性知识,远离了日常生活,从而具有了维护世界的神圣性。然而科学知识社会学进一步指出,科学知识也应当成为社会学的研究对象,因为科学知识不是依据理性建构的绝对真理。不过物质世界本身是一种客观实在,科学知识作为一种关于物质世界的知识,它仍有其客观的物质基础,具有一定限度的客观性和有效性。就此而言,自然审美欣赏中的科学知识,亦即博物学知识,是一种介于日常知识和专业知识的知识,它一方面更有可能为广大社会成员掌握,另一方面又因其与实在相关而具有相对意义上的客观性。因此博物学知识不能作为绝对正确的标准支配自然审美欣赏,但它与其他文化要素并不具有同等地位,在人们衡量自然审美欣赏的适当性时,博物学知识应当被赋予更高的权重。西方博物学的发展也印证了博物学知识并非异质于审美欣赏的存在。从研究动机来看,自然神学鼓励人们以理性理解上帝的造物,将认知与情感、体验联系起来,并要求让人们从整体上肯定一切自然物的价值。受帝国扩张驱使的博物学研究追求宏大体系带来的秩序感,自命客观而普遍,但实际上是从精神上统治自然,对自然造成了一定破坏。以环境保护为动机的博物学以一种不同于自然神学的方式,将认知、情感与体验统一起来,并引导人们同自然建立生态友好的伦理关系,对自然做出肯定性评价,而这最终指向了对自然审美价值的发现。从研究对象来看,17、18世纪以前的博物学关注自然可感知到的色彩、声音、气味等性质,这些性质虽依赖主体而存在,但也要附着于对象之上。因此这种研究既构筑了我们的经验领域,确定了关注对象,也塑造了我们的观察自然的方式,引导我们实现深刻的自然审美欣赏。19世纪之后,博物学研究的是有机体。有机整体的观念最初源于自然本身,随后被以隐喻的方式引入审美领域,成为一种审美范畴乃至审美理想,这使得博物学对有机体的研究具有肯定性的审美价值。命名、分类和描述是博物学的主要研究方法。命名体现了人类对自然的支配,但它也是人类建立同自然的深刻而亲密的关系的第一步。对自然的分类往往以相似性原则为依据,这种原则是形象性的、直觉的、具有创造力的,其本身就是审美的。在审美上与自然相关的要素借助相似性原则织成了审美相关性的网络,审美愉悦就来源于以相似性原则把握事物。博物学的描述方法可划分为非体验性描述和体验性描述,前者试图构建关于观察对象的、由关键词构成的信息,这类描述中的审美要素是隐性的,人们只有将这些信息内化于审美体验中,审美要素才会显现;后者将对自然的体验融合在博物学知识的传达之中,它以实例展示的方式引导人们以适当的方式欣赏自然。博物学知识的作用可以从以下三方面来理解:从认知方面看,它从与客观的物质世界的持续接触中产生,这使得研究者相信未来将有无限可能性证实其信念能揭示自然本身,而他们又通过相信并承诺自己的研究是对客观物质世界的探索,使人相信他们对自然的解读更具合理性,博物学知识由此重构了解读模式。但这种重构不是否定并取代,而是重新评价并组织诸种审美要素。从伦理方面看,一种具有正当性的伦理关系应当将自然界的一切成员都纳入其中,而且这种关系应当是紧密而深刻的。博物学知识对绝大多数人而言是可理解的,它能最大程度地得到认可与接受,而且它引发的伦理关注既植根于直接的感知体验中,又揭示出构建同自然和谐而深刻的关系是内在于人类自身的伦理要求。从审美方面看,博物学知识构筑了审美相关性的网络,审美要素在其中是多元共生的,博物学知识能协调并引导其他审美要素,实现适当的审美欣赏。然而博物学知识也是有限的,一方面人们难以彻底转变视角,给予所有自然现象以肯定性的审美评价,另一方面个体差异始终存在,博物学知识的作用只具有可能性,而没有必然性。然而由于博物学知识能提供对自然的最具合理性的解读,并据此引导我们形成与自然的和谐关系和深刻的审美体验,它能最大程度地满足自然审美欣赏的适当性所提出的要求,从这个意义上说,倡导借助博物学知识欣赏自然,是从美学层面回应生态危机的最有效路径之一。",博物学知识与自然审美欣赏之关系研究,boso,a1ad9f5b20795e85bde32b59a13f6c87,https://kns.cnki.net/KCMS/detail/detail.aspx?FileName=1020062624.nh&DbName=CMFD202002&DbCode=CMFD,2020
10.27272/d.cnki.gshdu.2020.001450,史佳威-45462310,N02,,旧归纳问题-2rkw4gPEdHS71bf5HWk9TU9ZLB%mmd2FhCPUXCp94tvqRNgvwBWufpHiq3FdnmLCc6EsQ;新归纳问题-wvgknm0jp5fG1epQPWpPKGzV1ekvn8ERFytS%mmd2BWLlv%mmd2BF7Rsi%mmd2F27zNKzCbZONtRu%mmd2BZ;实用主义-nQg2DD3XTcyqfI4VnaXNf52xuQhuQeqAZz8X7DxPDI7mi0zf4gSTI9c1YXYMk89%mmd2F;实践-SlITYPWVkokOhH%mmd2FC2rZng3ruIEO7q1XyWlDxGqO6ibRXirrimBU1xw==,,"常春兰;
                          ",山东大学,基础科学; 哲学与人文科学,自然科学理论与方法; 哲学,"归纳问题在确证科学知识合理性基础方面一直是个比较关键的问题。从“休谟问题”对归纳中因果链条合法性的质疑开始,无数哲学家对此问题进行各种尝试性的解答。其中以古德曼为代表的分析哲学家们对“旧归纳问题”的转化,构成了另一个谜题“新归纳问题”的重要内容。事实上,休谟与古德曼在提出新旧归纳问题之后,都对这一问题给出了自己的解答,但由于其解答或过于简单或易生歧义,并不能让后世的哲学家们彻底接受和信服,以至于他们始终坚持发掘更新的解决方案。时至今日,对于“新、旧归纳问题”的解决方案中依旧众说纷纭,因此对这一问题的研究依旧是很有必要的。本文希望通过实用主义的解读,寻找到休谟和古德曼在解决新旧归纳问题中所采用的相似的方法和思路,一方面希望这种相同的思路能够给我们当下归纳问题中的确证问题找到新的突破点,另一方面也希望这种思路和方法能够为我们解决另外一些诸如:绿蓝悖论、彩票悖论等问题提供更多的参考和借鉴。在对古德曼本人进行定位时,哲学界更倾向于把他定位为一个分析哲学家中的实用主义者,而其本人也是美国新实用主义的重要代表。但对于休谟而言,显然不能用实用主义进行定位。因此,文中所采用的这种探讨仅仅是从两者对于新旧归纳问题回答的思路方面进行的定位。本文通过这种横向的分析认为,在新、旧归纳问题的原始解决方案中其实都遵循的相似的实践原则,无论是休谟还是古德曼,他们都更倾向于采用非逻辑的方式去解决归纳中存在的问题,同时我们也能通过两人对于归纳问题的态度,看出两种方案中也都蕴含着对从形而上学到实用主义这一转向的认可,这一思路看似只是回到了经验主义方案的源头,但从另一个角度来说,我们也可以认为正是这种论证和辩护形式上的复归,恰在某种程度上彰显出了我们的知识和观念也正是在这种往复循环中不断地得以澄清和巩固。",新、旧归纳问题的实用主义解决方案,boso,0c77746ace6a51e58ae2e16ee831ac24,https://kns.cnki.net/KCMS/detail/detail.aspx?FileName=1020062721.nh&DbName=CMFD202002&DbCode=CMFD,2020
10.27272/d.cnki.gshdu.2020.002584,谢飞-08856482,N02,,“西学中源”说-m4VSHT2YwX8ug1StZ8OpdZSZQ%mmd2BYCXjABpC4jmu58BsBWtai08btv8wko6ubMZQa4GQOpr45kprM=;乾嘉学派-ce5anXUiTXSG3PyMGiudXlSVLX%mmd2BmwYtyF0Nyhcbw7fcisE8sUoYfiIGfNTuZ%mmd2BIcY;考据学-HHRyAKyA2C2yEJg9VgBG2K%mmd2BhmSQUv8n9Khd5hKx2vYpuADzHuZXPqKMWzdSNVMVa;算学复兴-9OWkW6NsVnsv5zjDulZIUhvyJWdFcFqzChAd0hrURCX5cOLxBb%mmd2BQHgm%mmd2FhgF%mmd2F0uk1,,"马来平;
                          ",山东大学,基础科学; 哲学与人文科学,自然科学理论与方法; 哲学,"“西学中源”说是西学东渐史的重要学说。关于此说的相关课题,学界已然展示了其历史流变、文化交流、中西互动等多种研究角度。即便如此,基于乾嘉学派论证的“西学中源”说来考察考据学、传统科学与西学之间的关系,仍具有很大的探讨空间。乾嘉学派是清代学术的重要代表,他们除了以通经训诂作为明道救世的学术途径外,也受“西学中源”思潮影响,吸收西学融合到自身思想体系中,所展现的独具特色的科学研究理路,是乾嘉学派对传统科学发展的独特贡献。在研究乾嘉学者通过“西学中源”说对传统科学产生的影响之前,首先要察明乾嘉学派关注、研究“西学中源”说的历史渊源与理论动机。是以徐光启为“解释中西科学理论差距问题”为起点,经由黄宗羲、方以智、王锡阐等发展为“中学何以超越西学”的学术讨论,以此来为中国历算学做辩护,制衡西学的扩散,奠定了乾嘉学者论证“西学中源”说的历史基调。通过对乾嘉考据学的研究也可以发现,乾嘉学者之所以与此说发生关联,是因为明末实学考据所需的史料考证、源流追溯与“西学中源”说的论证要素相契合,使得乾嘉学派继续沿袭复兴传统科学的学术目的。其次,通过评述乾嘉各个学者对此说的不同论证方法,发现乾嘉学者所证“西学中源”说与传统科学有着深层次的逻辑关系。对于支持此说的学者,“西学中源”说吸引考据学者惠栋、戴震等人发掘和整理古代科技典籍,还原古法正本溯源;在此过程中,吸收了西学养分的乾嘉学派重新审视传统科学的发展,戴震利用“西法中化”进行古籍经典的科学化阐释,开拓了儒士对传统科学的研究视角;钱大昕、阮元利用考据论证中法源流,完善了中国传统科学的发展史;张敦仁、李锐等人对“圆周率”、“勾股术”、“方程正负根”等传统科学理论的扩充与革新,使传统算学逐渐成为一门显性学科,将中国传统代数学的研究提升到了一个新高度。“西学中源”说成为一种内省力,促使乾嘉学者不断反思中国传统科学的知识结构。同时,一些学者对“西学中源”说的质疑与纠正,也凸显了此说存在的理论误区,展现了同时代儒士所具有的求实、怀疑的科学精神。由此可以引申出对传统与现代科学、儒学与科学之间互通的思考,即乾嘉学派论证的“西学中源”说,本质上还是一场中西科学融通的过程。虽然它延缓了中国儒士吸收、认知西学的程度与进度,但乾嘉学派能根据考据学的学术性质,迂回地利用西学,突破古算学存在的思维障碍,也是儒士对科学源流、异同性的一种学术比较和思考,本身是没有问题的。它缺失的是学说当中不断减少的科学因素。将学者具有求实、怀疑等科学精神秉承下去,才是“西学中源”说带给儒士以及传统儒学与科学走向现代化的关键所在。由“西学中源”说引发的科学论争,不单是为维护中法,也可以看作是儒士复兴中国科学传统、注入西学智识的助力学说。在此意义上,面临儒学复兴与科学利用、跨文化冲突以及新旧学说对抗时,仍值得当下及未来学者进行反省,改变以往人们对儒学与科学互斥的观念,以更加理性与科学的方式审视儒学与科学关系,找到更为融洽的交流契机,进而对未来科学与儒学的互动与发展提供更好地借鉴。",评乾嘉学派的“西学中源”说,boso,2c2c10e5b7a9509689e9a3e0c73c1ef7,https://kns.cnki.net/KCMS/detail/detail.aspx?FileName=1020062719.nh&DbName=CMFD202002&DbCode=CMFD,2020
10.27517/d.cnki.gzkju.2020.000605,章镇玲-45145412,N02,,意识-Wa539dI5DKB%mmd2BzVz1PEJjxGphH19%mmd2FNY5xuSdyDHgEgK1Z%mmd2FpJfmzg5QA==;物理主义-HxXL%mmd2BD1jOhXaewxUsbDfatM0Mhbdgss90T5f2gchsk%mmd2BXt1JSf8xwURpmNjS5823v;认知神经科学-2mmBKHH0xBzuXtezI94YLcHcV3ODpyLZrsY9tezWA3rsXQppI0viyclEQPkK6wp%mmd2FZqnoozIXd8A=;数学超常人群-j4TB2O2hoN848UYRm2CY%mmd2BHCNp7alAM4xWP1yiriDWIykcrnDuEymEB0GTSRsRHNhKo3Zv3DDTAI=;元分析-Oi7tV30Oy7nDEFV3rejf%mmd2FzjQyc%mmd2FrElgbek0r7dh8cdTBsbV2tm%mmd2FzaBguD89SSfDX,,"孔燕;
                          ",中国科学技术大学,理工A(数学物理力学天地生); 文史哲,自然科学理论与方法; 哲学,"传统的心灵哲学观点认为,意识只能通过哲学思辨与分析进行论证。但随着认知神经科学的发展,意识不再是独属于哲学领域的研究对象。认知神经科学背景下的意识研究并非是对思辨与分析的取代,而是通过学科交叉的方式,为意识研究提供自然科学的研究方法、科学证据和论证途径。综上,本文拟进行数学超常人群的脑成像ALE元分析,以揭示其神经机制特征,并对其神经机制前提的意识理论基础进行探讨;再由此转向对认知神经科学背景下意识研究的概况梳理,主要由意识概念和意识理论的发展脉络,来分析认知神经科学意识研究存在的方法论困境,并指出其根本原因即意识的现象性质;而后由现象性质的相关讨论引发对物理主义的理论价值、以及物理主义框架下意识研究融合进路的审思。本文共分为五个章节:第一章为绪论部分,本章将从选题背景和研究意义两方面陈述选题依据,并点出本研究的核心主题——物理主义视角的意识研究进路审思。随后分别对国内外意识研究概况进行梳理与概括,并对研究内容、研究方法、研究意义和创新之处进行了阐释,明确了本论文的基本结构。第二章是实证研究部分,选取了 2001年1月-2019年10月间的10篇使用fMRI脑成像技术的数学超常人群脑科学研究报告,采用ALE元分析的方法对所得的脑激活坐标信息进行2个单一元分析和1个对比元分析,并报告结果。本章将会结合元分析结果对数学超常人群的神经机制特征、神经机制前提及其意识理论基础进行探讨。第三章将由上一章中的探讨出发,进一步对认知神经科学背景下意识概念及意识理论的发展脉络进行梳理。主要根据塞尔的分类将理论分为“积木模型”和“统一场模型”两类进行讨论。由上述分析指出认知神经科学背景下意识研究的方法论困境,并浅析导致这种方法论困境的根本原因——意识的现象性质问题。第四章首先将对物理主义的基本观点进行陈述,论证物理主义在“科学地研究意识”中不可取代的理论价值。而后由物理主义的理论困境与问题,再次引出对现象性质及物理主义方法论困境的探讨,并由此提出未来意识研究的融合进路。第五章由总结与展望两部分组成,主要回顾了本研究的研究目的及意义,并通过对本文行文结构、论证思路进行概述的方式总结研究内容;指出研究中的不足之处,对未来意识研究可能的进展方向提出了展望。本研究认为,认知神经科学背景下的意识研究,在试图解释意识的同时,不可避免地面临物理主义方法论困境及物理主义本体论局限。完全否定物理主义框架下的意识研究是不科学的,摒弃意识的理性思辨与哲学分析亦是不合理的。因此,适当地坚持物理主义的科学方法,兼纳哲学思辨与分析的意识研究融合进路,是对物理主义框架下意识研究的认可,亦是对物理主义“不完备性”方法论困境的回应。认知神经科学和哲学交叉融合的研究途径,将是当代意识研究的新进路。","意识研究进路：物理主义视角的审思
                        ——以数学超常人群ALE元分析为例",boso,702a3a744a425bf09c0462e5116b69f1,https://kns.cnki.net/KCMS/detail/detail.aspx?FileName=1020098008.nh&DbName=CMFD202002&DbCode=CMFD,2020
10.27162/d.cnki.gjlin.2020.007233,关升亮-17462035,N02,,科学认识-M2oCT1yKSvqBhYJ1ZeKvcob3B4cVkiwb%mmd2BtsOkpzTPvCKwH0ICKOxcOMDjGrAjBXv;发生机制-9ydLAAOqCbsitz4Gq59NUWjM4cdMgTvqwE3EjhBeuEPAjL0fUaOXNchULz%mmd2FFHZcY;价值-L9bBEYnU7ylLx%mmd2F6xvz3%mmd2FGreWqTHlFzJh1VOvMKdhHfp0wac2o%mmd2BN5fg==,,李海峰-07659890,吉林大学,基础科学,自然科学理论与方法,"自十六、十七世纪近代实验科学产生以来,科学认识就建立在科学实验归纳和数学演绎基础上,19世纪末20世纪以来,科学认识朝着微观世界和宏观世界两个维度发展,使观察实验失去了基础,科学认识进入假设、演绎及检验阶段,即根据科学认识存在的问题提出假说,然后建立数学模型进行演绎,最后对演绎出来的科学事实进行检验,进而证明科学假说是否正确,最后确定科学理论。“现代科学认识的发生机制研究”的选题是在系统梳理国内外科学哲学家的科学认识论和科学发展理论的基础上凝练而成的,尤其是充分吸取了以波普尔为代表的现代科学哲学家,对现代科学的产生及发展运行机制进行了哲学概括,提出了现代科学的产生即发展模式,即:科学问题-科学假设-逻辑演绎-科学事实-实验检验-理论确立,波普尔把它简单精炼地概括为“大胆假设,小心求证”的理论。国内外大批科学哲学家,对关于现代科学假设的提出、现代科学的运行模式、现代科学的检验和现代科学理论的确立等问题,进行了深入的认识和研究,陆续产生了批判理性主义、历史主义和科学实在论等学派。在我国改革开放后,以舒炜光教授为带头人的一大批现代早期科学哲学“学术共同体”,率先翻译、引进、论述了现代科学哲学理论,进而创造性地构建了具有自身理论特色的科学认识论体系,对我国科学哲学的发展做出了基础性、理论性和创造性的贡献。现代科学认识是人类认识史上的高级阶段,也是现代人们的一项重要的社会活动形式。现代科学认识的发生机制,即发生因素,是多种因素交互作用的结果。自然客体、社会存在和社会生活中的种种事物、科学实践等等都对现代科学认识的发生起着基本的作用。其中,科学实践就是科学认识发生、形成和发展的源泉、基础和动力,它对现代科学认识发生的各个环节起着基础性的作用。但本论文所研究的不是,也不可能是所有对现代科学认识发生起作用的机制,即因素;而是研究与现代科学认识发生有着直接关系,起着重要作用的因素,是在科学实践的基础上,从哲学的视域重点研究现代科学认识发生的内在因素、外在因素、逻辑因素和工具因素,即认识工具因素的“硬件”和“软件”,侧重探讨从计算机诞生以来的现代科学认识工具“硬件”的广泛使用和科学认识工具“软件”的统一及广泛应用对现代科学认识发生的作用。现代科学认识是科学劳动者运用科学认识工具的“硬件”（科学仪器）和科学认识工具的“软件”（科学方法）,在同科学对象的相互作用中发生的。现代科学劳动者（主体）,现代科学认识发生的内在因素、外在因素、逻辑因素,现代科学认识工具（认识工具的“硬件”和“软件”）是现代科学认识发生的基本的、直接的、重要的因素,它对现代科学认识发生的作用及其在当今社会发展具有重要的理论价值和实践价值。随着现代科学技术的飞速发展,现代科学认识向广深拓展的速度越来越快,尤其是随着计算机的产生及其技术方法的运用,为人们进行现代科学认识提供了强有力的认识手段和认识工具,新时代智能技术（互联网、云计算、大数据、人工智能、5G应用技术）产生及广泛应用,又使现代科学认识发生了巨大的变化。本论文就是在现代科学技术发展基础上,研究现代科学认识发生所应用的技术手段、认识工具、认识方式、研究方法等理论问题,以更好地为现代科学认识提供理论依据。论文共分为五个部分:第一部分,系统阐述了选题的研究背景、研究意义、国内外研究现状及研究的创新点。第二部分,全面阐释科学认识主体的特点及其实质,提出科学认识主体应具有强烈地科学意识和探索精神、具有适应自然、社会和思维三大科学领域探索研究的组织形式、具有广泛的群体性和社会性,是科学认识的决定性因素,也是科学认识的生力军;还阐述了科学认识发生的特点。第三部分,科学地论述科学认识发生的内、外在因素和逻辑因素,提出现代科学认识发生要以科学问题为起点,以科研主体为中心,在经验知识启发和理论知识导引的前提下,去发现新事物,认识新问题。第四部分,重点论述现代科学认识工具的“硬件”和认识工具的“软件”的统一及其在现代科学认识中的广泛、合理的运用,为现代科学认识的发生及其发展提供强有力的认识手段。第五部分,明确阐述了科学认识的理论价值和实践价值,着重阐释了科学认识的认识价值和伦理价值,论证了它对科学发展和技术发展的价值和意义。",现代科学认识的发生机制研究,boso,c02567a963b75911941ea387dc6df4ad,https://kns.cnki.net/KCMS/detail/detail.aspx?FileName=1021003636.nh&DbName=CDFDTEMP&DbCode=CDFD,2020
10.27351/d.cnki.gszhu.2020.000314,李婷婷-21659696,N02,,整合信息理论-sKtZUUxJLcmvPv30NPiD7tLTwhe812OVS3hUbT7jBXOJT%mmd2Fo1DTpG%mmd2FXgx0RbuA1NaMuk02HnRZyY=;科学说明的语用学-mtfUHnY7gLn5hHlg%mmd2FMe%mmd2Bfcw4mevfNIIy3Bxc3Pq8PzqwOmCpf%mmd2F5oWqPf3m%mmd2B4HNGS7csC3cYSdZKXETxYyyPQ0w==;语境-2t9m8%mmd2BzV7AeIaUGYsGO7P5HDgFYXW9R4gO3NFL807QUpWqdDJQLy3Q==,,李继堂-08842939,苏州大学,理工A(数学物理力学天地生); 文史哲,自然科学理论与方法; 哲学,"对于意识的研究由来已久,针对意识问题有各种各样的理论提出。朱利奥·托诺尼在神经科学研究的背景下,提出了整合信息理论（Integrated Information Theory,简称ⅡT）,试图将意识看作是对信息的整合并且进行量化研究。通过刻画意识的感受质形状,测量能够产生意识的有效信息量的Φ值,来解释意识经验的产生,ⅡT认为Φ值越高,意识经验的质量就越高,意识经验也就越完整越丰富。由于ⅡT是对意识经验的科学研究,也是对意识现象的一种科学说明,面对主体性很强的意识现象（相对于一般自然现象）,只有强调语境论（语形学、语义学和语用学的统一）的科学说明的语用学,才能很好地考察ⅡT对意识现象的说明,表明ⅡT的合理性。在范·弗拉森的科学说明的语用学看来,一个科学说明就是对“why-问题”地回答,ⅡT建构的意识经验产生的机制系统,很好地运用了“why-问题”模型来说明ⅡT在刻画感受质形状时,是建立在PK为真,也就是意识是确实存在的这一前提下的,进一步说明经验就是选择,这也符合科学说明的语用学所强调的科学理论的经验适当性,并且正是ⅡT也强调科学说明的语用学所强调的语境,语境不同,大脑的信息整合机制就会不相同,导致意识经验也是不相同的,这就很好地解释了意识经验的私密性。在科学说明的语用学看来,ⅡT将意识作为科学研究对象,从神经科学研究的客观角度以及大脑的内部信息整合机制诸方面入手,来解释意识经验的产生过程,如果进一步加强语境相关的分析,ⅡT甚至有可能把意识研究的第一人称视角和第三人称视角结合起来。我们从科学说明的语用学角度的分析,不仅能够解释整合信息理论的合理性,而且能够对整合信息理论的进一步发展起到一定的指导作用。但是整合信息理论毕竟是一个发展中的理论,还需要继续加强后续研究,目前来看,如果说它已经解决了意识难题,似乎还为时尚早。",整合信息理论何以能够对意识现象进行科学说明,boso,3cffc1a8de205f5aba75a4aed51ba8ed,https://kns.cnki.net/KCMS/detail/detail.aspx?FileName=1020147535.nh&DbName=CMFDTEMP&DbCode=CMFD,2020
